professional_id,nom_complet,age,sexe,a_etudie_ispm,formation_suivie,parcours_ispm,filiere_etudiee,annee_obtention,competences,specialisation,metier_actuel,secteur_professionnel,annees_experience,matieres_cles_retenues,adequation_formation_metier_score
PRO_2026_0001,Nomena Randriamampianina,28,F,Oui,Diplôme ISPM - Industrie Agroalimentaire,Biotechnologie et Agronomie,IAA,2016,Process agroalimentaires; Biochimie alimentaire; Gestion de projet; Leadership,Industrie Agroalimentaire,Responsable Qualité HACCP,Industrie Agroalimentaire,10,"Sciences Physiques, Chimiques et Technologie (SPCT); Sciences Physiques et Chimiques; SVT",88.26
PRO_2026_0002,Soa Andriantsitohaina,42,F,Oui,Diplôme ISPM - Pharmacologie et Industries Pharmaceutiques,Biotechnologie et Agronomie,PIP,2009,Pharmacologie; Analyse en laboratoire; Gestion de projet; Leadership,Pharmacologie et Industries Pharmaceutiques,Délégué médical,Industrie Pharmaceutique & Santé,17,"Sciences Physiques, Chimiques et Technologie (SPCT); Sciences Physiques et Chimiques; SVT",98.26
PRO_2026_0003,Hery Rakotomalala,38,M,Oui,Diplôme ISPM - Électro-Mécanique et Informatique Industrielle,Génie Industriel et Génie Civil,EMII,2015,Maintenance industrielle; Automatisme PLC; Gestion de projet; Leadership,Électro-Mécanique et Informatique Industrielle,Concepteur Mécatronique,Industrie & Automatisme,11,"Mathématiques; Mathématiques appliquées; Sciences Physiques, Chimiques et Technologie (SPCT)",95.94
PRO_2026_0004,Sitraka Rajaonarivelo,42,M,Oui,Diplôme ISPM - Génie Civil et Architecture,Génie Industriel et Génie Civil,GCA,2018,Calcul de structures; Métré et devis; Gestion de projet; Leadership,Génie Civil et Architecture,Chef de chantier BTP,Bâtiment et Travaux Publics (BTP),8,"Mathématiques; Mathématiques appliquées; Sciences Physiques, Chimiques et Technologie (SPCT)",78.61
PRO_2026_0005,Dina Ramanantsoa,41,F,Oui,"Diplôme ISPM - Industries Chimiques, Minières et Pétrolières",Génie Industriel et Génie Civil,ICMP,2024,Génie des procédés; Normes QHSE; Gestion de projet; Leadership,"Industries Chimiques, Minières et Pétrolières",Ingénieur Procédés,"Mines, Énergie & Chimie",2,"Sciences Physiques, Chimiques et Technologie (SPCT); Sciences Physiques et Chimiques; Mathématiques",78.33
PRO_2026_0006,Rova Ratsimbazafy,36,F,Oui,Diplôme ISPM - Electronique Système Informatique et Intelligence Artificielle,Informatique et Télécommunication,ESIIA,2010,Signal & Traitement; Microcontrôleurs IoT; Gestion de projet; Leadership,Electronique Système Informatique et Intelligence Artificielle,Concepteur Électronique,Électronique & High-Tech,16,"Mathématiques; Mathématiques appliquées; Sciences Physiques, Chimiques et Technologie (SPCT)",73.7
PRO_2026_0007,Hery Rasoanaivo,35,M,Oui,Diplôme ISPM - Informatique de Gestion Génie Logiciel et Intelligence Artificielle,Informatique et Télécommunication,IGGLIA,2021,SQL & Bases de données; Machine Learning; Gestion de projet; Leadership,Informatique de Gestion Génie Logiciel et Intelligence Artificielle,Architecte SI,Informatique & Édition de Logiciels,5,Mathématiques; Mathématiques de gestion; Mathématiques appliquées,74.46
PRO_2026_0008,Tiana Andriantsitohaina,36,M,Oui,Diplôme ISPM - Informatique Multimédia Technologie de L'information et de la Communication et Intelligence Artificielle,Informatique et Télécommunication,IMTICIA,2024,Infographie & 3D; Réseaux informatiques; Gestion de projet; Leadership,Informatique Multimédia Technologie de L'information et de la Communication et Intelligence Artificielle,Développeur Web/Mobile,Numérique & Multimédia,2,Mathématiques; Français; Anglais,98.26
PRO_2026_0009,Rova Ratsimbazafy,27,F,Oui,Diplôme ISPM - Informatique Statistique Appliquée et Intelligence Artificielle,Informatique et Télécommunication,ISAIA,2018,Statistiques inférentielles; Python / R Data; Gestion de projet; Leadership,Informatique Statistique Appliquée et Intelligence Artificielle,Data Analyst,Data & Intelligence Artificielle,8,Mathématiques; Mathématiques de gestion; Mathématiques appliquées,75.35
PRO_2026_0010,Andry Razafindrakoto,32,M,Oui,Diplôme ISPM - Tourisme et Environnement,Techniques du Tourisme,TEE,2017,Gestion de projets durables; Écotourisme & Biodiversité; Gestion de projet; Leadership,Tourisme et Environnement,Responsable Parc Naturel,Tourisme & Environnement,9,Français; Anglais; LV2,86.58
PRO_2026_0011,Tojo Andriantsitohaina,43,M,Oui,Diplôme ISPM - Tourisme et Hôtellerie,Techniques du Tourisme,TEH,2009,Gestion événementielle; Communication interculturelle; Gestion de projet; Leadership,Tourisme et Hôtellerie,Responsable d'Agence de Voyage,Hôtellerie & Restauration,17,Français; Anglais; LV2,93.12
PRO_2026_0012,Nary Andriantsitohaina,42,F,Oui,Diplôme ISPM - Commerce et Administration des Affaires,Techniques des Affaires,CAA,2011,Techniques de Vente; Marketing Digital; Gestion de projet; Leadership,Commerce et Administration des Affaires,Directeur des Ventes,Commerce & Marketing,15,Français; Anglais; Mathématiques de gestion,86.68
PRO_2026_0013,Nary Rakotondrabe,42,F,Oui,Diplôme ISPM - Droit et Techniques Juridiques des Affaires,Techniques des Affaires,DTJA,2012,Conseil d'entreprise; Rédaction juridique; Gestion de projet; Leadership,Droit et Techniques Juridiques des Affaires,Gestionnaire de Contrats,Droit & Juridique,14,Français; Français et Littérature; Philosophie,98.51
PRO_2026_0014,Nary Ratsimbazafy,23,M,Oui,Diplôme ISPM - Economie et Management de Projet,Techniques des Affaires,EMP,2020,Analyse financière; Étude d'impact économique; Gestion de projet; Leadership,Economie et Management de Projet,Scrum Master,Management & Conseil,6,Mathématiques; Mathématiques de gestion; Économie,78.73
PRO_2026_0015,Henintsoa Razafindrakoto,33,M,Oui,Diplôme ISPM - Finances et Comptabilités,Techniques des Affaires,FIC,2024,Audit financier; Contrôle de gestion; Gestion de projet; Leadership,Finances et Comptabilités,Auditeur Financier,Finance & Comptabilité,2,Mathématiques de gestion; Mathématiques; Gestion / Comptabilité,86.32
PRO_2026_0016,Sitraka Randriamampianina,45,M,Oui,Diplôme ISPM - Agriculture et Élevage,Biotechnologie et Agronomie,AEE,2012,Gestion d'exploitation; Zootechnie; Gestion de projet; Leadership,Agriculture et Élevage,Chef d'exploitation,Agriculture / Agronomie,14,SVT; SVT / Biologie-Géologie; SVT / Sciences humaines,71.96
PRO_2026_0017,Nomena Randriamampianina,27,F,Oui,Diplôme ISPM - Industrie Agroalimentaire,Biotechnologie et Agronomie,IAA,2009,Contrôle qualité HACCP; Process agroalimentaires; Gestion de projet; Leadership,Industrie Agroalimentaire,Biologiste industriel,Industrie Agroalimentaire,17,"Sciences Physiques, Chimiques et Technologie (SPCT); Sciences Physiques et Chimiques; SVT",90.46
PRO_2026_0018,Vero Rakotondrabe,44,M,Oui,Diplôme ISPM - Pharmacologie et Industries Pharmaceutiques,Biotechnologie et Agronomie,PIP,2016,Pharmacologie; Chimie organique; Gestion de projet; Leadership,Pharmacologie et Industries Pharmaceutiques,Responsable contrôle qualité labo,Industrie Pharmaceutique & Santé,10,"Sciences Physiques, Chimiques et Technologie (SPCT); Sciences Physiques et Chimiques; SVT",81.62
PRO_2026_0019,Nary Rakotondrabe,27,M,Oui,Diplôme ISPM - Électro-Mécanique et Informatique Industrielle,Génie Industriel et Génie Civil,EMII,2012,Maintenance industrielle; Électrotechnique; Gestion de projet; Leadership,Électro-Mécanique et Informatique Industrielle,Concepteur Mécatronique,Industrie & Automatisme,14,"Mathématiques; Mathématiques appliquées; Sciences Physiques, Chimiques et Technologie (SPCT)",97.44
PRO_2026_0020,Tojo Rakotondrabe,29,F,Oui,Diplôme ISPM - Génie Civil et Architecture,Génie Industriel et Génie Civil,GCA,2018,Calcul de structures; AutoCAD/Revit; Gestion de projet; Leadership,Génie Civil et Architecture,Conducteur de travaux,Bâtiment et Travaux Publics (BTP),8,"Mathématiques; Mathématiques appliquées; Sciences Physiques, Chimiques et Technologie (SPCT)",79.26
PRO_2026_0021,Nomena Rajaonarivelo,50,M,Oui,"Diplôme ISPM - Industries Chimiques, Minières et Pétrolières",Génie Industriel et Génie Civil,ICMP,2014,Raffinage et extraction; Normes QHSE; Gestion de projet; Leadership,"Industries Chimiques, Minières et Pétrolières",Géologue minier,"Mines, Énergie & Chimie",12,"Sciences Physiques, Chimiques et Technologie (SPCT); Sciences Physiques et Chimiques; Mathématiques",90.12
PRO_2026_0022,Vero Rasoanaivo,29,M,Oui,Diplôme ISPM - Electronique Système Informatique et Intelligence Artificielle,Informatique et Télécommunication,ESIIA,2009,Microcontrôleurs IoT; C/C++ embarqué; Gestion de projet; Leadership,Electronique Système Informatique et Intelligence Artificielle,Ingénieur Systèmes Embarqués,Électronique & High-Tech,17,"Mathématiques; Mathématiques appliquées; Sciences Physiques, Chimiques et Technologie (SPCT)",70.57
PRO_2026_0023,Hasina Randriamampianina,31,F,Oui,Diplôme ISPM - Informatique de Gestion Génie Logiciel et Intelligence Artificielle,Informatique et Télécommunication,IGGLIA,2018,Algorithmique & Python; Machine Learning; Gestion de projet; Leadership,Informatique de Gestion Génie Logiciel et Intelligence Artificielle,Ingénieur Génie Logiciel,Informatique & Édition de Logiciels,8,Mathématiques; Mathématiques de gestion; Mathématiques appliquées,98.59
PRO_2026_0024,Henintsoa Rabenjamina,26,M,Oui,Diplôme ISPM - Informatique Multimédia Technologie de L'information et de la Communication et Intelligence Artificielle,Informatique et Télécommunication,IMTICIA,2021,Réseaux informatiques; Développement Web/Mobile; Gestion de projet; Leadership,Informatique Multimédia Technologie de L'information et de la Communication et Intelligence Artificielle,Administrateur Réseaux & TIC,Numérique & Multimédia,5,Mathématiques; Français; Anglais,70.63
PRO_2026_0025,Hery Andriantsitohaina,34,M,Oui,Diplôme ISPM - Informatique Statistique Appliquée et Intelligence Artificielle,Informatique et Télécommunication,ISAIA,2011,Statistiques inférentielles; PowerBI & Analytics; Gestion de projet; Leadership,Informatique Statistique Appliquée et Intelligence Artificielle,Data Scientist,Data & Intelligence Artificielle,15,Mathématiques; Mathématiques de gestion; Mathématiques appliquées,76.67
PRO_2026_0026,Andry Rajaonarivelo,25,F,Oui,Diplôme ISPM - Tourisme et Environnement,Techniques du Tourisme,TEE,2024,Écotourisme & Biodiversité; Ingénierie touristique; Gestion de projet; Leadership,Tourisme et Environnement,Chef de projet Développement Durable,Tourisme & Environnement,2,Français; Anglais; LV2,79.47
PRO_2026_0027,Hery Rakotondrabe,45,M,Oui,Diplôme ISPM - Tourisme et Hôtellerie,Techniques du Tourisme,TEH,2014,Communication interculturelle; Yield Management; Gestion de projet; Leadership,Tourisme et Hôtellerie,Responsable d'Agence de Voyage,Hôtellerie & Restauration,12,Français; Anglais; LV2,94.92
PRO_2026_0028,Sitraka Andriantsitohaina,31,M,Oui,Diplôme ISPM - Commerce et Administration des Affaires,Techniques des Affaires,CAA,2017,Techniques de Vente; Negociation internationale; Gestion de projet; Leadership,Commerce et Administration des Affaires,Chef de Produit Marketing,Commerce & Marketing,9,Français; Anglais; Mathématiques de gestion,93.72
PRO_2026_0029,Mialy Rakotomalala,35,F,Oui,Diplôme ISPM - Droit et Techniques Juridiques des Affaires,Techniques des Affaires,DTJA,2023,Droit des contrats; Conseil d'entreprise; Gestion de projet; Leadership,Droit et Techniques Juridiques des Affaires,Juriste d'Entreprise,Droit & Juridique,3,Français; Français et Littérature; Philosophie,93.58
PRO_2026_0030,Mialy Rasoanaivo,33,M,Oui,Diplôme ISPM - Economie et Management de Projet,Techniques des Affaires,EMP,2009,Gestion des risques; Étude d'impact économique; Gestion de projet; Leadership,Economie et Management de Projet,Chef de Projet,Management & Conseil,17,Mathématiques; Mathématiques de gestion; Économie,72.19
PRO_2026_0031,Dina Randriamampianina,49,F,Oui,Diplôme ISPM - Finances et Comptabilités,Techniques des Affaires,FIC,2025,Audit financier; Contrôle de gestion; Gestion de projet; Leadership,Finances et Comptabilités,Contrôleur de Gestion,Finance & Comptabilité,1,Mathématiques de gestion; Mathématiques; Gestion / Comptabilité,89.97
PRO_2026_0032,Nomena Andriantsitohaina,47,M,Oui,Diplôme ISPM - Agriculture et Élevage,Biotechnologie et Agronomie,AEE,2006,Agronomie; Zootechnie; Gestion de projet; Leadership,Agriculture et Élevage,Responsable d'élevage,Agriculture / Agronomie,20,SVT; SVT / Biologie-Géologie; SVT / Sciences humaines,90.07
PRO_2026_0033,Faly Randriamampianina,38,M,Oui,Diplôme ISPM - Industrie Agroalimentaire,Biotechnologie et Agronomie,IAA,2013,Contrôle qualité HACCP; Biochimie alimentaire; Gestion de projet; Leadership,Industrie Agroalimentaire,Biologiste industriel,Industrie Agroalimentaire,13,"Sciences Physiques, Chimiques et Technologie (SPCT); Sciences Physiques et Chimiques; SVT",97.8
PRO_2026_0034,Mialy Rabenjamina,36,M,Oui,Diplôme ISPM - Pharmacologie et Industries Pharmaceutiques,Biotechnologie et Agronomie,PIP,2025,Chimie organique; Analyse en laboratoire; Gestion de projet; Leadership,Pharmacologie et Industries Pharmaceutiques,Délégué médical,Industrie Pharmaceutique & Santé,1,"Sciences Physiques, Chimiques et Technologie (SPCT); Sciences Physiques et Chimiques; SVT",81.91
PRO_2026_0035,Andry Rajaonarivelo,44,F,Oui,Diplôme ISPM - Électro-Mécanique et Informatique Industrielle,Génie Industriel et Génie Civil,EMII,2012,Maintenance industrielle; Automatisme PLC; Gestion de projet; Leadership,Électro-Mécanique et Informatique Industrielle,Automaticien,Industrie & Automatisme,14,"Mathématiques; Mathématiques appliquées; Sciences Physiques, Chimiques et Technologie (SPCT)",70.27
PRO_2026_0036,Dina Rabenjamina,36,M,Oui,Diplôme ISPM - Génie Civil et Architecture,Génie Industriel et Génie Civil,GCA,2015,Métré et devis; Calcul de structures; Gestion de projet; Leadership,Génie Civil et Architecture,Ingénieur Génie Civil,Bâtiment et Travaux Publics (BTP),11,"Mathématiques; Mathématiques appliquées; Sciences Physiques, Chimiques et Technologie (SPCT)",71.59
PRO_2026_0037,Mialy Randriamampianina,44,F,Oui,"Diplôme ISPM - Industries Chimiques, Minières et Pétrolières",Génie Industriel et Génie Civil,ICMP,2009,Raffinage et extraction; Normes QHSE; Gestion de projet; Leadership,"Industries Chimiques, Minières et Pétrolières",Ingénieur QHSE,"Mines, Énergie & Chimie",17,"Sciences Physiques, Chimiques et Technologie (SPCT); Sciences Physiques et Chimiques; Mathématiques",82.92
PRO_2026_0038,Hery Ramanantsoa,29,M,Oui,Diplôme ISPM - Electronique Système Informatique et Intelligence Artificielle,Informatique et Télécommunication,ESIIA,2012,C/C++ embarqué; Électronique numérique; Gestion de projet; Leadership,Electronique Système Informatique et Intelligence Artificielle,Ingénieur Systèmes Embarqués,Électronique & High-Tech,14,"Mathématiques; Mathématiques appliquées; Sciences Physiques, Chimiques et Technologie (SPCT)",92.2
PRO_2026_0039,Dina Rakotomalala,24,M,Oui,Diplôme ISPM - Informatique de Gestion Génie Logiciel et Intelligence Artificielle,Informatique et Télécommunication,IGGLIA,2016,Algorithmique & Python; Machine Learning; Gestion de projet; Leadership,Informatique de Gestion Génie Logiciel et Intelligence Artificielle,Data Scientist / IA,Informatique & Édition de Logiciels,10,Mathématiques; Mathématiques de gestion; Mathématiques appliquées,91.25
PRO_2026_0040,Soa Ramanantsoa,38,M,Oui,Diplôme ISPM - Informatique Multimédia Technologie de L'information et de la Communication et Intelligence Artificielle,Informatique et Télécommunication,IMTICIA,2008,UI/UX Design; Développement Web/Mobile; Gestion de projet; Leadership,Informatique Multimédia Technologie de L'information et de la Communication et Intelligence Artificielle,Designer UI/UX,Numérique & Multimédia,18,Mathématiques; Français; Anglais,93.18
PRO_2026_0041,Mirana Andriantsitohaina,35,M,Oui,Diplôme ISPM - Informatique Statistique Appliquée et Intelligence Artificielle,Informatique et Télécommunication,ISAIA,2008,PowerBI & Analytics; Machine Learning & Deep Learning; Gestion de projet; Leadership,Informatique Statistique Appliquée et Intelligence Artificielle,Data Analyst,Data & Intelligence Artificielle,18,Mathématiques; Mathématiques de gestion; Mathématiques appliquées,83.72
PRO_2026_0042,Henintsoa Ratsimbazafy,25,F,Oui,Diplôme ISPM - Tourisme et Environnement,Techniques du Tourisme,TEE,2012,Gestion de projets durables; Guide & Médiation; Gestion de projet; Leadership,Tourisme et Environnement,Consultant Écotourisme,Tourisme & Environnement,14,Français; Anglais; LV2,71.02
PRO_2026_0043,Hery Razafindrakoto,33,F,Oui,Diplôme ISPM - Tourisme et Hôtellerie,Techniques du Tourisme,TEH,2008,Yield Management; Gestion événementielle; Gestion de projet; Leadership,Tourisme et Hôtellerie,Chef de projet Événementiel,Hôtellerie & Restauration,18,Français; Anglais; LV2,75.11
PRO_2026_0044,Mirana Ramanantsoa,38,M,Oui,Diplôme ISPM - Commerce et Administration des Affaires,Techniques des Affaires,CAA,2010,Marketing Digital; Negociation internationale; Gestion de projet; Leadership,Commerce et Administration des Affaires,Chef de Produit Marketing,Commerce & Marketing,16,Français; Anglais; Mathématiques de gestion,88.51
PRO_2026_0045,Hasina Randriamampianina,44,F,Oui,Diplôme ISPM - Droit et Techniques Juridiques des Affaires,Techniques des Affaires,DTJA,2011,Droit des contrats; Conseil d'entreprise; Gestion de projet; Leadership,Droit et Techniques Juridiques des Affaires,Consultant Fiscaliste,Droit & Juridique,15,Français; Français et Littérature; Philosophie,76.11
PRO_2026_0046,Soa Rakotondrabe,23,F,Oui,Diplôme ISPM - Economie et Management de Projet,Techniques des Affaires,EMP,2009,Gestion de projet Agile/PMP; Étude d'impact économique; Gestion de projet; Leadership,Economie et Management de Projet,Consultant en Organisation,Management & Conseil,17,Mathématiques; Mathématiques de gestion; Économie,76.44
PRO_2026_0047,Tojo Ratsimbazafy,37,F,Oui,Diplôme ISPM - Finances et Comptabilités,Techniques des Affaires,FIC,2022,Contrôle de gestion; Audit financier; Gestion de projet; Leadership,Finances et Comptabilités,Contrôleur de Gestion,Finance & Comptabilité,4,Mathématiques de gestion; Mathématiques; Gestion / Comptabilité,87.62
PRO_2026_0048,Hasina Ratsimbazafy,37,M,Oui,Diplôme ISPM - Agriculture et Élevage,Biotechnologie et Agronomie,AEE,2017,Gestion d'exploitation; Zootechnie; Gestion de projet; Leadership,Agriculture et Élevage,Responsable d'élevage,Agriculture / Agronomie,9,SVT; SVT / Biologie-Géologie; SVT / Sciences humaines,86.36
PRO_2026_0049,Vero Ramanantsoa,39,F,Oui,Diplôme ISPM - Industrie Agroalimentaire,Biotechnologie et Agronomie,IAA,2011,Biochimie alimentaire; Process agroalimentaires; Gestion de projet; Leadership,Industrie Agroalimentaire,Conducteur de ligne de production,Industrie Agroalimentaire,15,"Sciences Physiques, Chimiques et Technologie (SPCT); Sciences Physiques et Chimiques; SVT",79.79
PRO_2026_0050,Dina Andriantsitohaina,25,F,Oui,Diplôme ISPM - Pharmacologie et Industries Pharmaceutiques,Biotechnologie et Agronomie,PIP,2016,Normes GMP/BPF; Chimie organique; Gestion de projet; Leadership,Pharmacologie et Industries Pharmaceutiques,Assistant de recherche galénique,Industrie Pharmaceutique & Santé,10,"Sciences Physiques, Chimiques et Technologie (SPCT); Sciences Physiques et Chimiques; SVT",80.18
PRO_2026_0051,Lova Rasoanaivo,49,F,Oui,Diplôme ISPM - Électro-Mécanique et Informatique Industrielle,Génie Industriel et Génie Civil,EMII,2019,Électrotechnique; Automatisme PLC; Gestion de projet; Leadership,Électro-Mécanique et Informatique Industrielle,Responsable Maintenance,Industrie & Automatisme,7,"Mathématiques; Mathématiques appliquées; Sciences Physiques, Chimiques et Technologie (SPCT)",84.61
PRO_2026_0052,Kanto Ratsimbazafy,41,M,Oui,Diplôme ISPM - Génie Civil et Architecture,Génie Industriel et Génie Civil,GCA,2025,AutoCAD/Revit; Conduite de chantier BTP; Gestion de projet; Leadership,Génie Civil et Architecture,Ingénieur Génie Civil,Bâtiment et Travaux Publics (BTP),1,"Mathématiques; Mathématiques appliquées; Sciences Physiques, Chimiques et Technologie (SPCT)",85.35
PRO_2026_0053,Andry Rasoanaivo,33,M,Oui,"Diplôme ISPM - Industries Chimiques, Minières et Pétrolières",Génie Industriel et Génie Civil,ICMP,2018,Raffinage et extraction; Géologie minière; Gestion de projet; Leadership,"Industries Chimiques, Minières et Pétrolières",Responsable d'extraction,"Mines, Énergie & Chimie",8,"Sciences Physiques, Chimiques et Technologie (SPCT); Sciences Physiques et Chimiques; Mathématiques",93.04
PRO_2026_0054,Hasina Ramanantsoa,26,F,Oui,Diplôme ISPM - Electronique Système Informatique et Intelligence Artificielle,Informatique et Télécommunication,ESIIA,2010,C/C++ embarqué; Électronique numérique; Gestion de projet; Leadership,Electronique Système Informatique et Intelligence Artificielle,Développeur IoT,Électronique & High-Tech,16,"Mathématiques; Mathématiques appliquées; Sciences Physiques, Chimiques et Technologie (SPCT)",92.7
PRO_2026_0055,Faly Randriamampianina,34,F,Oui,Diplôme ISPM - Informatique de Gestion Génie Logiciel et Intelligence Artificielle,Informatique et Télécommunication,IGGLIA,2008,Génie Logiciel & Java/Web; Algorithmique & Python; Gestion de projet; Leadership,Informatique de Gestion Génie Logiciel et Intelligence Artificielle,Data Scientist / IA,Informatique & Édition de Logiciels,18,Mathématiques; Mathématiques de gestion; Mathématiques appliquées,94.71
PRO_2026_0056,Hery Andriantsitohaina,44,M,Oui,Diplôme ISPM - Informatique Multimédia Technologie de L'information et de la Communication et Intelligence Artificielle,Informatique et Télécommunication,IMTICIA,2021,Infographie & 3D; Développement Web/Mobile; Gestion de projet; Leadership,Informatique Multimédia Technologie de L'information et de la Communication et Intelligence Artificielle,Administrateur Réseaux & TIC,Numérique & Multimédia,5,Mathématiques; Français; Anglais,79.32
PRO_2026_0057,Soa Rajaonarivelo,32,M,Oui,Diplôme ISPM - Informatique Statistique Appliquée et Intelligence Artificielle,Informatique et Télécommunication,ISAIA,2009,Python / R Data; Machine Learning & Deep Learning; Gestion de projet; Leadership,Informatique Statistique Appliquée et Intelligence Artificielle,Data Analyst,Data & Intelligence Artificielle,17,Mathématiques; Mathématiques de gestion; Mathématiques appliquées,94.55
PRO_2026_0058,Andry Rasoanaivo,30,F,Oui,Diplôme ISPM - Tourisme et Environnement,Techniques du Tourisme,TEE,2021,Guide & Médiation; Ingénierie touristique; Gestion de projet; Leadership,Tourisme et Environnement,Guide Patrimoine,Tourisme & Environnement,5,Français; Anglais; LV2,81.36
PRO_2026_0059,Mialy Randriamampianina,48,F,Oui,Diplôme ISPM - Tourisme et Hôtellerie,Techniques du Tourisme,TEH,2018,Management hôtelier; Yield Management; Gestion de projet; Leadership,Tourisme et Hôtellerie,Chef de projet Événementiel,Hôtellerie & Restauration,8,Français; Anglais; LV2,70.87
PRO_2026_0060,Fitia Ramanantsoa,30,F,Oui,Diplôme ISPM - Commerce et Administration des Affaires,Techniques des Affaires,CAA,2020,Techniques de Vente; Marketing Digital; Gestion de projet; Leadership,Commerce et Administration des Affaires,Directeur des Ventes,Commerce & Marketing,6,Français; Anglais; Mathématiques de gestion,84.26
PRO_2026_0061,Dina Rajaonarivelo,37,F,Oui,Diplôme ISPM - Droit et Techniques Juridiques des Affaires,Techniques des Affaires,DTJA,2015,Conseil d'entreprise; Droit des contrats; Gestion de projet; Leadership,Droit et Techniques Juridiques des Affaires,Assistant Juridique,Droit & Juridique,11,Français; Français et Littérature; Philosophie,74.43
PRO_2026_0062,Faly Rajaonarivelo,45,M,Oui,Diplôme ISPM - Economie et Management de Projet,Techniques des Affaires,EMP,2014,Gestion des risques; Gestion de projet Agile/PMP; Gestion de projet; Leadership,Economie et Management de Projet,Chef de Projet,Management & Conseil,12,Mathématiques; Mathématiques de gestion; Économie,74.21
PRO_2026_0063,Hery Rakotomalala,47,F,Oui,Diplôme ISPM - Finances et Comptabilités,Techniques des Affaires,FIC,2013,Comptabilité générale & analytique; Gestion de trésorerie; Gestion de projet; Leadership,Finances et Comptabilités,Comptable Senior,Finance & Comptabilité,13,Mathématiques de gestion; Mathématiques; Gestion / Comptabilité,73.69
PRO_2026_0064,Tiana Rakotomalala,30,F,Oui,Diplôme ISPM - Agriculture et Élevage,Biotechnologie et Agronomie,AEE,2024,Gestion d'exploitation; Analyse des sols; Gestion de projet; Leadership,Agriculture et Élevage,Chef d'exploitation,Agriculture / Agronomie,2,SVT; SVT / Biologie-Géologie; SVT / Sciences humaines,83.57
PRO_2026_0065,Rova Rabenjamina,34,M,Oui,Diplôme ISPM - Industrie Agroalimentaire,Biotechnologie et Agronomie,IAA,2014,Process agroalimentaires; Biochimie alimentaire; Gestion de projet; Leadership,Industrie Agroalimentaire,Ingénieur Agroalimentaire,Industrie Agroalimentaire,12,"Sciences Physiques, Chimiques et Technologie (SPCT); Sciences Physiques et Chimiques; SVT",96.77
PRO_2026_0066,Mirana Ramanantsoa,23,F,Oui,Diplôme ISPM - Pharmacologie et Industries Pharmaceutiques,Biotechnologie et Agronomie,PIP,2023,Normes GMP/BPF; Pharmacologie; Gestion de projet; Leadership,Pharmacologie et Industries Pharmaceutiques,Délégué médical,Industrie Pharmaceutique & Santé,3,"Sciences Physiques, Chimiques et Technologie (SPCT); Sciences Physiques et Chimiques; SVT",71.26
PRO_2026_0067,Fitia Rajaonarivelo,50,M,Oui,Diplôme ISPM - Électro-Mécanique et Informatique Industrielle,Génie Industriel et Génie Civil,EMII,2019,CAO Mécanique; Maintenance industrielle; Gestion de projet; Leadership,Électro-Mécanique et Informatique Industrielle,Automaticien,Industrie & Automatisme,7,"Mathématiques; Mathématiques appliquées; Sciences Physiques, Chimiques et Technologie (SPCT)",86.05
PRO_2026_0068,Faly Rajaonarivelo,43,M,Oui,Diplôme ISPM - Génie Civil et Architecture,Génie Industriel et Génie Civil,GCA,2007,AutoCAD/Revit; Conduite de chantier BTP; Gestion de projet; Leadership,Génie Civil et Architecture,Conducteur de travaux,Bâtiment et Travaux Publics (BTP),19,"Mathématiques; Mathématiques appliquées; Sciences Physiques, Chimiques et Technologie (SPCT)",72.4
PRO_2026_0069,Faly Rakotomalala,35,F,Oui,"Diplôme ISPM - Industries Chimiques, Minières et Pétrolières",Génie Industriel et Génie Civil,ICMP,2008,Normes QHSE; Géologie minière; Gestion de projet; Leadership,"Industries Chimiques, Minières et Pétrolières",Ingénieur QHSE,"Mines, Énergie & Chimie",18,"Sciences Physiques, Chimiques et Technologie (SPCT); Sciences Physiques et Chimiques; Mathématiques",74.5
PRO_2026_0070,Soa Rasoanaivo,48,F,Oui,Diplôme ISPM - Electronique Système Informatique et Intelligence Artificielle,Informatique et Télécommunication,ESIIA,2008,Électronique numérique; Signal & Traitement; Gestion de projet; Leadership,Electronique Système Informatique et Intelligence Artificielle,Concepteur Électronique,Électronique & High-Tech,18,"Mathématiques; Mathématiques appliquées; Sciences Physiques, Chimiques et Technologie (SPCT)",85.78
PRO_2026_0071,Kanto Razafindrakoto,46,M,Oui,Diplôme ISPM - Informatique de Gestion Génie Logiciel et Intelligence Artificielle,Informatique et Télécommunication,IGGLIA,2018,Génie Logiciel & Java/Web; Machine Learning; Gestion de projet; Leadership,Informatique de Gestion Génie Logiciel et Intelligence Artificielle,Data Scientist / IA,Informatique & Édition de Logiciels,8,Mathématiques; Mathématiques de gestion; Mathématiques appliquées,72.23
PRO_2026_0072,Henintsoa Ramanantsoa,30,M,Oui,Diplôme ISPM - Informatique Multimédia Technologie de L'information et de la Communication et Intelligence Artificielle,Informatique et Télécommunication,IMTICIA,2022,Développement Web/Mobile; Réseaux informatiques; Gestion de projet; Leadership,Informatique Multimédia Technologie de L'information et de la Communication et Intelligence Artificielle,Développeur Web/Mobile,Numérique & Multimédia,4,Mathématiques; Français; Anglais,89.69
PRO_2026_0073,Andry Randriamampianina,31,M,Oui,Diplôme ISPM - Informatique Statistique Appliquée et Intelligence Artificielle,Informatique et Télécommunication,ISAIA,2006,PowerBI & Analytics; Statistiques inférentielles; Gestion de projet; Leadership,Informatique Statistique Appliquée et Intelligence Artificielle,Data Scientist,Data & Intelligence Artificielle,20,Mathématiques; Mathématiques de gestion; Mathématiques appliquées,81.11
PRO_2026_0074,Dina Rakotomalala,37,M,Oui,Diplôme ISPM - Tourisme et Environnement,Techniques du Tourisme,TEE,2009,Ingénierie touristique; Gestion de projets durables; Gestion de projet; Leadership,Tourisme et Environnement,Consultant Écotourisme,Tourisme & Environnement,17,Français; Anglais; LV2,93.32
PRO_2026_0075,Mirana Rabenjamina,46,F,Oui,Diplôme ISPM - Tourisme et Hôtellerie,Techniques du Tourisme,TEH,2013,Communication interculturelle; Yield Management; Gestion de projet; Leadership,Tourisme et Hôtellerie,Chef de projet Événementiel,Hôtellerie & Restauration,13,Français; Anglais; LV2,84.1
PRO_2026_0076,Fitia Ramanantsoa,44,M,Oui,Diplôme ISPM - Commerce et Administration des Affaires,Techniques des Affaires,CAA,2016,Marketing Digital; Analyse Marché; Gestion de projet; Leadership,Commerce et Administration des Affaires,Responsable Commercial,Commerce & Marketing,10,Français; Anglais; Mathématiques de gestion,77.59
PRO_2026_0077,Sitraka Razafindrakoto,29,M,Oui,Diplôme ISPM - Droit et Techniques Juridiques des Affaires,Techniques des Affaires,DTJA,2009,Rédaction juridique; Analyse fiscale; Gestion de projet; Leadership,Droit et Techniques Juridiques des Affaires,Juriste d'Entreprise,Droit & Juridique,17,Français; Français et Littérature; Philosophie,88.37
PRO_2026_0078,Henintsoa Razafindrakoto,33,M,Oui,Diplôme ISPM - Economie et Management de Projet,Techniques des Affaires,EMP,2018,Étude d'impact économique; Gestion des risques; Gestion de projet; Leadership,Economie et Management de Projet,Consultant en Organisation,Management & Conseil,8,Mathématiques; Mathématiques de gestion; Économie,73.36
PRO_2026_0079,Fitia Razafindrakoto,32,F,Oui,Diplôme ISPM - Finances et Comptabilités,Techniques des Affaires,FIC,2011,Contrôle de gestion; Audit financier; Gestion de projet; Leadership,Finances et Comptabilités,Comptable Senior,Finance & Comptabilité,15,Mathématiques de gestion; Mathématiques; Gestion / Comptabilité,70.04
PRO_2026_0080,Lova Rabenjamina,48,F,Oui,Diplôme ISPM - Agriculture et Élevage,Biotechnologie et Agronomie,AEE,2011,Analyse des sols; Gestion d'exploitation; Gestion de projet; Leadership,Agriculture et Élevage,Agronome,Agriculture / Agronomie,15,SVT; SVT / Biologie-Géologie; SVT / Sciences humaines,93.71
PRO_2026_0081,Kanto Ratsimbazafy,29,M,Oui,Diplôme ISPM - Industrie Agroalimentaire,Biotechnologie et Agronomie,IAA,2025,Biochimie alimentaire; Contrôle qualité HACCP; Gestion de projet; Leadership,Industrie Agroalimentaire,Responsable Qualité HACCP,Industrie Agroalimentaire,1,"Sciences Physiques, Chimiques et Technologie (SPCT); Sciences Physiques et Chimiques; SVT",93.47
PRO_2026_0082,Vero Rakotondrabe,31,F,Oui,Diplôme ISPM - Pharmacologie et Industries Pharmaceutiques,Biotechnologie et Agronomie,PIP,2010,Pharmacologie; Normes GMP/BPF; Gestion de projet; Leadership,Pharmacologie et Industries Pharmaceutiques,Responsable contrôle qualité labo,Industrie Pharmaceutique & Santé,16,"Sciences Physiques, Chimiques et Technologie (SPCT); Sciences Physiques et Chimiques; SVT",79.52
PRO_2026_0083,Lova Randriamampianina,31,M,Oui,Diplôme ISPM - Électro-Mécanique et Informatique Industrielle,Génie Industriel et Génie Civil,EMII,2011,Automatisme PLC; CAO Mécanique; Gestion de projet; Leadership,Électro-Mécanique et Informatique Industrielle,Responsable Maintenance,Industrie & Automatisme,15,"Mathématiques; Mathématiques appliquées; Sciences Physiques, Chimiques et Technologie (SPCT)",76.23
PRO_2026_0084,Nary Ratsimbazafy,31,F,Oui,Diplôme ISPM - Génie Civil et Architecture,Génie Industriel et Génie Civil,GCA,2025,AutoCAD/Revit; Métré et devis; Gestion de projet; Leadership,Génie Civil et Architecture,Architecte collaborateur,Bâtiment et Travaux Publics (BTP),1,"Mathématiques; Mathématiques appliquées; Sciences Physiques, Chimiques et Technologie (SPCT)",73.09
PRO_2026_0085,Soa Razafindrakoto,46,F,Oui,"Diplôme ISPM - Industries Chimiques, Minières et Pétrolières",Génie Industriel et Génie Civil,ICMP,2023,Raffinage et extraction; Géologie minière; Gestion de projet; Leadership,"Industries Chimiques, Minières et Pétrolières",Géologue minier,"Mines, Énergie & Chimie",3,"Sciences Physiques, Chimiques et Technologie (SPCT); Sciences Physiques et Chimiques; Mathématiques",72.05
PRO_2026_0086,Mirana Razafindrakoto,30,M,Oui,Diplôme ISPM - Electronique Système Informatique et Intelligence Artificielle,Informatique et Télécommunication,ESIIA,2012,Électronique numérique; C/C++ embarqué; Gestion de projet; Leadership,Electronique Système Informatique et Intelligence Artificielle,Développeur IoT,Électronique & High-Tech,14,"Mathématiques; Mathématiques appliquées; Sciences Physiques, Chimiques et Technologie (SPCT)",97.27
PRO_2026_0087,Mialy Razafindrakoto,34,F,Oui,Diplôme ISPM - Informatique de Gestion Génie Logiciel et Intelligence Artificielle,Informatique et Télécommunication,IGGLIA,2013,Algorithmique & Python; SQL & Bases de données; Gestion de projet; Leadership,Informatique de Gestion Génie Logiciel et Intelligence Artificielle,Ingénieur Génie Logiciel,Informatique & Édition de Logiciels,13,Mathématiques; Mathématiques de gestion; Mathématiques appliquées,94.26
PRO_2026_0088,Nary Ratsimbazafy,40,F,Oui,Diplôme ISPM - Informatique Multimédia Technologie de L'information et de la Communication et Intelligence Artificielle,Informatique et Télécommunication,IMTICIA,2015,Réseaux informatiques; UI/UX Design; Gestion de projet; Leadership,Informatique Multimédia Technologie de L'information et de la Communication et Intelligence Artificielle,Administrateur Réseaux & TIC,Numérique & Multimédia,11,Mathématiques; Français; Anglais,74.81
PRO_2026_0089,Toky Ratsimbazafy,24,F,Oui,Diplôme ISPM - Informatique Statistique Appliquée et Intelligence Artificielle,Informatique et Télécommunication,ISAIA,2016,Statistiques inférentielles; Python / R Data; Gestion de projet; Leadership,Informatique Statistique Appliquée et Intelligence Artificielle,Data Analyst,Data & Intelligence Artificielle,10,Mathématiques; Mathématiques de gestion; Mathématiques appliquées,82.78
PRO_2026_0090,Mialy Rajaonarivelo,37,F,Oui,Diplôme ISPM - Tourisme et Environnement,Techniques du Tourisme,TEE,2008,Gestion de projets durables; Guide & Médiation; Gestion de projet; Leadership,Tourisme et Environnement,Responsable Parc Naturel,Tourisme & Environnement,18,Français; Anglais; LV2,77.32
PRO_2026_0091,Lova Rajaonarivelo,23,M,Oui,Diplôme ISPM - Tourisme et Hôtellerie,Techniques du Tourisme,TEH,2013,Management hôtelier; Yield Management; Gestion de projet; Leadership,Tourisme et Hôtellerie,Manager d'Hôtel,Hôtellerie & Restauration,13,Français; Anglais; LV2,96.72
PRO_2026_0092,Henintsoa Randriamampianina,23,M,Oui,Diplôme ISPM - Commerce et Administration des Affaires,Techniques des Affaires,CAA,2011,Techniques de Vente; Negociation internationale; Gestion de projet; Leadership,Commerce et Administration des Affaires,Business Developer,Commerce & Marketing,15,Français; Anglais; Mathématiques de gestion,83.93
PRO_2026_0093,Mialy Rajaonarivelo,42,M,Oui,Diplôme ISPM - Droit et Techniques Juridiques des Affaires,Techniques des Affaires,DTJA,2019,Conseil d'entreprise; Analyse fiscale; Gestion de projet; Leadership,Droit et Techniques Juridiques des Affaires,Juriste d'Entreprise,Droit & Juridique,7,Français; Français et Littérature; Philosophie,72.99
PRO_2026_0094,Mialy Randriamampianina,26,F,Oui,Diplôme ISPM - Economie et Management de Projet,Techniques des Affaires,EMP,2024,Étude d'impact économique; Gestion des risques; Gestion de projet; Leadership,Economie et Management de Projet,Chef de Projet,Management & Conseil,2,Mathématiques; Mathématiques de gestion; Économie,70.69
PRO_2026_0095,Fitia Rasoanaivo,32,F,Oui,Diplôme ISPM - Finances et Comptabilités,Techniques des Affaires,FIC,2023,Contrôle de gestion; Gestion de trésorerie; Gestion de projet; Leadership,Finances et Comptabilités,Contrôleur de Gestion,Finance & Comptabilité,3,Mathématiques de gestion; Mathématiques; Gestion / Comptabilité,82.26
PRO_2026_0096,Kanto Rakotomalala,30,M,Oui,Diplôme ISPM - Agriculture et Élevage,Biotechnologie et Agronomie,AEE,2009,Gestion d'exploitation; Analyse des sols; Gestion de projet; Leadership,Agriculture et Élevage,Chef d'exploitation,Agriculture / Agronomie,17,SVT; SVT / Biologie-Géologie; SVT / Sciences humaines,96.84
PRO_2026_0097,Nary Razafindrakoto,30,M,Oui,Diplôme ISPM - Industrie Agroalimentaire,Biotechnologie et Agronomie,IAA,2010,Contrôle qualité HACCP; Process agroalimentaires; Gestion de projet; Leadership,Industrie Agroalimentaire,Ingénieur Agroalimentaire,Industrie Agroalimentaire,16,"Sciences Physiques, Chimiques et Technologie (SPCT); Sciences Physiques et Chimiques; SVT",76.79
PRO_2026_0098,Kanto Rasoanaivo,47,M,Oui,Diplôme ISPM - Pharmacologie et Industries Pharmaceutiques,Biotechnologie et Agronomie,PIP,2016,Normes GMP/BPF; Analyse en laboratoire; Gestion de projet; Leadership,Pharmacologie et Industries Pharmaceutiques,Responsable contrôle qualité labo,Industrie Pharmaceutique & Santé,10,"Sciences Physiques, Chimiques et Technologie (SPCT); Sciences Physiques et Chimiques; SVT",81.72
PRO_2026_0099,Lova Rasoanaivo,46,F,Oui,Diplôme ISPM - Électro-Mécanique et Informatique Industrielle,Génie Industriel et Génie Civil,EMII,2022,CAO Mécanique; Automatisme PLC; Gestion de projet; Leadership,Électro-Mécanique et Informatique Industrielle,Concepteur Mécatronique,Industrie & Automatisme,4,"Mathématiques; Mathématiques appliquées; Sciences Physiques, Chimiques et Technologie (SPCT)",73.01
PRO_2026_0100,Faly Rasoanaivo,41,F,Oui,Diplôme ISPM - Génie Civil et Architecture,Génie Industriel et Génie Civil,GCA,2012,Métré et devis; Conduite de chantier BTP; Gestion de projet; Leadership,Génie Civil et Architecture,Architecte collaborateur,Bâtiment et Travaux Publics (BTP),14,"Mathématiques; Mathématiques appliquées; Sciences Physiques, Chimiques et Technologie (SPCT)",84.36
PRO_2026_0101,Dina Rakotomalala,48,F,Oui,"Diplôme ISPM - Industries Chimiques, Minières et Pétrolières",Génie Industriel et Génie Civil,ICMP,2009,Normes QHSE; Raffinage et extraction; Gestion de projet; Leadership,"Industries Chimiques, Minières et Pétrolières",Responsable d'extraction,"Mines, Énergie & Chimie",17,"Sciences Physiques, Chimiques et Technologie (SPCT); Sciences Physiques et Chimiques; Mathématiques",77.06
PRO_2026_0102,Nary Randriamampianina,50,F,Oui,Diplôme ISPM - Electronique Système Informatique et Intelligence Artificielle,Informatique et Télécommunication,ESIIA,2013,C/C++ embarqué; Microcontrôleurs IoT; Gestion de projet; Leadership,Electronique Système Informatique et Intelligence Artificielle,Développeur IoT,Électronique & High-Tech,13,"Mathématiques; Mathématiques appliquées; Sciences Physiques, Chimiques et Technologie (SPCT)",90.34
PRO_2026_0103,Hasina Razafindrakoto,41,M,Oui,Diplôme ISPM - Informatique de Gestion Génie Logiciel et Intelligence Artificielle,Informatique et Télécommunication,IGGLIA,2022,Machine Learning; Génie Logiciel & Java/Web; Gestion de projet; Leadership,Informatique de Gestion Génie Logiciel et Intelligence Artificielle,Data Scientist / IA,Informatique & Édition de Logiciels,4,Mathématiques; Mathématiques de gestion; Mathématiques appliquées,97.18
PRO_2026_0104,Lova Rakotondrabe,34,F,Oui,Diplôme ISPM - Informatique Multimédia Technologie de L'information et de la Communication et Intelligence Artificielle,Informatique et Télécommunication,IMTICIA,2008,Réseaux informatiques; UI/UX Design; Gestion de projet; Leadership,Informatique Multimédia Technologie de L'information et de la Communication et Intelligence Artificielle,Développeur Web/Mobile,Numérique & Multimédia,18,Mathématiques; Français; Anglais,93.92
PRO_2026_0105,Henintsoa Rabenjamina,27,M,Oui,Diplôme ISPM - Informatique Statistique Appliquée et Intelligence Artificielle,Informatique et Télécommunication,ISAIA,2022,Python / R Data; PowerBI & Analytics; Gestion de projet; Leadership,Informatique Statistique Appliquée et Intelligence Artificielle,Statisticien Décisionnel,Data & Intelligence Artificielle,4,Mathématiques; Mathématiques de gestion; Mathématiques appliquées,70.71
PRO_2026_0106,Henintsoa Rabenjamina,42,M,Oui,Diplôme ISPM - Tourisme et Environnement,Techniques du Tourisme,TEE,2014,Guide & Médiation; Écotourisme & Biodiversité; Gestion de projet; Leadership,Tourisme et Environnement,Guide Patrimoine,Tourisme & Environnement,12,Français; Anglais; LV2,81.62
PRO_2026_0107,Nomena Andriantsitohaina,45,F,Oui,Diplôme ISPM - Tourisme et Hôtellerie,Techniques du Tourisme,TEH,2025,Communication interculturelle; Yield Management; Gestion de projet; Leadership,Tourisme et Hôtellerie,Manager d'Hôtel,Hôtellerie & Restauration,1,Français; Anglais; LV2,98.34
PRO_2026_0108,Tiana Rabenjamina,38,M,Oui,Diplôme ISPM - Commerce et Administration des Affaires,Techniques des Affaires,CAA,2018,Negociation internationale; Analyse Marché; Gestion de projet; Leadership,Commerce et Administration des Affaires,Chef de Produit Marketing,Commerce & Marketing,8,Français; Anglais; Mathématiques de gestion,73.84
PRO_2026_0109,Hery Andriantsitohaina,35,F,Oui,Diplôme ISPM - Droit et Techniques Juridiques des Affaires,Techniques des Affaires,DTJA,2007,Analyse fiscale; Droit des contrats; Gestion de projet; Leadership,Droit et Techniques Juridiques des Affaires,Consultant Fiscaliste,Droit & Juridique,19,Français; Français et Littérature; Philosophie,73.66
PRO_2026_0110,Tiana Razafindrakoto,23,M,Oui,Diplôme ISPM - Economie et Management de Projet,Techniques des Affaires,EMP,2013,Gestion de projet Agile/PMP; Gestion des risques; Gestion de projet; Leadership,Economie et Management de Projet,Chef de Projet,Management & Conseil,13,Mathématiques; Mathématiques de gestion; Économie,89.34
PRO_2026_0111,Lova Rasoanaivo,25,F,Oui,Diplôme ISPM - Finances et Comptabilités,Techniques des Affaires,FIC,2012,Gestion de trésorerie; Comptabilité générale & analytique; Gestion de projet; Leadership,Finances et Comptabilités,Comptable Senior,Finance & Comptabilité,14,Mathématiques de gestion; Mathématiques; Gestion / Comptabilité,94.54
PRO_2026_0112,Andry Razafindrakoto,40,F,Oui,Diplôme ISPM - Agriculture et Élevage,Biotechnologie et Agronomie,AEE,2017,Zootechnie; Agronomie; Gestion de projet; Leadership,Agriculture et Élevage,Agronome,Agriculture / Agronomie,9,SVT; SVT / Biologie-Géologie; SVT / Sciences humaines,94.81
PRO_2026_0113,Mirana Ratsimbazafy,44,M,Oui,Diplôme ISPM - Industrie Agroalimentaire,Biotechnologie et Agronomie,IAA,2019,Microbiologie; Process agroalimentaires; Gestion de projet; Leadership,Industrie Agroalimentaire,Conducteur de ligne de production,Industrie Agroalimentaire,7,"Sciences Physiques, Chimiques et Technologie (SPCT); Sciences Physiques et Chimiques; SVT",88.11
PRO_2026_0114,Fitia Rabenjamina,38,M,Oui,Diplôme ISPM - Pharmacologie et Industries Pharmaceutiques,Biotechnologie et Agronomie,PIP,2019,Chimie organique; Normes GMP/BPF; Gestion de projet; Leadership,Pharmacologie et Industries Pharmaceutiques,Responsable contrôle qualité labo,Industrie Pharmaceutique & Santé,7,"Sciences Physiques, Chimiques et Technologie (SPCT); Sciences Physiques et Chimiques; SVT",77.65
PRO_2026_0115,Hasina Ramanantsoa,26,F,Oui,Diplôme ISPM - Électro-Mécanique et Informatique Industrielle,Génie Industriel et Génie Civil,EMII,2011,CAO Mécanique; Électrotechnique; Gestion de projet; Leadership,Électro-Mécanique et Informatique Industrielle,Automaticien,Industrie & Automatisme,15,"Mathématiques; Mathématiques appliquées; Sciences Physiques, Chimiques et Technologie (SPCT)",98.11
PRO_2026_0116,Tojo Ramanantsoa,42,M,Oui,Diplôme ISPM - Génie Civil et Architecture,Génie Industriel et Génie Civil,GCA,2021,AutoCAD/Revit; Calcul de structures; Gestion de projet; Leadership,Génie Civil et Architecture,Ingénieur Génie Civil,Bâtiment et Travaux Publics (BTP),5,"Mathématiques; Mathématiques appliquées; Sciences Physiques, Chimiques et Technologie (SPCT)",70.61
PRO_2026_0117,Nary Razafindrakoto,39,F,Oui,"Diplôme ISPM - Industries Chimiques, Minières et Pétrolières",Génie Industriel et Génie Civil,ICMP,2016,Raffinage et extraction; Géologie minière; Gestion de projet; Leadership,"Industries Chimiques, Minières et Pétrolières",Ingénieur Procédés,"Mines, Énergie & Chimie",10,"Sciences Physiques, Chimiques et Technologie (SPCT); Sciences Physiques et Chimiques; Mathématiques",71.83
PRO_2026_0118,Dina Rasoanaivo,27,M,Oui,Diplôme ISPM - Electronique Système Informatique et Intelligence Artificielle,Informatique et Télécommunication,ESIIA,2012,C/C++ embarqué; Électronique numérique; Gestion de projet; Leadership,Electronique Système Informatique et Intelligence Artificielle,Ingénieur Robotique,Électronique & High-Tech,14,"Mathématiques; Mathématiques appliquées; Sciences Physiques, Chimiques et Technologie (SPCT)",88.21
PRO_2026_0119,Andry Rasoanaivo,36,M,Oui,Diplôme ISPM - Informatique de Gestion Génie Logiciel et Intelligence Artificielle,Informatique et Télécommunication,IGGLIA,2015,Machine Learning; Génie Logiciel & Java/Web; Gestion de projet; Leadership,Informatique de Gestion Génie Logiciel et Intelligence Artificielle,Développeur Fullstack,Informatique & Édition de Logiciels,11,Mathématiques; Mathématiques de gestion; Mathématiques appliquées,82.6
PRO_2026_0120,Nomena Rakotomalala,27,M,Oui,Diplôme ISPM - Informatique Multimédia Technologie de L'information et de la Communication et Intelligence Artificielle,Informatique et Télécommunication,IMTICIA,2007,Développement Web/Mobile; Infographie & 3D; Gestion de projet; Leadership,Informatique Multimédia Technologie de L'information et de la Communication et Intelligence Artificielle,Développeur Web/Mobile,Numérique & Multimédia,19,Mathématiques; Français; Anglais,75.21
PRO_2026_0121,Dina Rasoanaivo,48,M,Oui,Diplôme ISPM - Informatique Statistique Appliquée et Intelligence Artificielle,Informatique et Télécommunication,ISAIA,2013,Statistiques inférentielles; PowerBI & Analytics; Gestion de projet; Leadership,Informatique Statistique Appliquée et Intelligence Artificielle,Statisticien Décisionnel,Data & Intelligence Artificielle,13,Mathématiques; Mathématiques de gestion; Mathématiques appliquées,81.04
PRO_2026_0122,Dina Ratsimbazafy,37,F,Oui,Diplôme ISPM - Tourisme et Environnement,Techniques du Tourisme,TEE,2006,Écotourisme & Biodiversité; Ingénierie touristique; Gestion de projet; Leadership,Tourisme et Environnement,Guide Patrimoine,Tourisme & Environnement,20,Français; Anglais; LV2,79.08
PRO_2026_0123,Hasina Rabenjamina,47,F,Oui,Diplôme ISPM - Tourisme et Hôtellerie,Techniques du Tourisme,TEH,2017,Communication interculturelle; Management hôtelier; Gestion de projet; Leadership,Tourisme et Hôtellerie,Responsable d'Agence de Voyage,Hôtellerie & Restauration,9,Français; Anglais; LV2,93.24
PRO_2026_0124,Hasina Randriamampianina,36,M,Oui,Diplôme ISPM - Commerce et Administration des Affaires,Techniques des Affaires,CAA,2022,Negociation internationale; Marketing Digital; Gestion de projet; Leadership,Commerce et Administration des Affaires,Responsable Commercial,Commerce & Marketing,4,Français; Anglais; Mathématiques de gestion,76.4
PRO_2026_0125,Nomena Andriantsitohaina,23,M,Oui,Diplôme ISPM - Droit et Techniques Juridiques des Affaires,Techniques des Affaires,DTJA,2015,Conseil d'entreprise; Rédaction juridique; Gestion de projet; Leadership,Droit et Techniques Juridiques des Affaires,Gestionnaire de Contrats,Droit & Juridique,11,Français; Français et Littérature; Philosophie,94.39
PRO_2026_0126,Dina Razafindrakoto,42,M,Oui,Diplôme ISPM - Economie et Management de Projet,Techniques des Affaires,EMP,2013,Gestion des risques; Étude d'impact économique; Gestion de projet; Leadership,Economie et Management de Projet,Consultant en Organisation,Management & Conseil,13,Mathématiques; Mathématiques de gestion; Économie,83.89
PRO_2026_0127,Fitia Ratsimbazafy,28,F,Oui,Diplôme ISPM - Finances et Comptabilités,Techniques des Affaires,FIC,2007,Audit financier; Comptabilité générale & analytique; Gestion de projet; Leadership,Finances et Comptabilités,Comptable Senior,Finance & Comptabilité,19,Mathématiques de gestion; Mathématiques; Gestion / Comptabilité,90.68
PRO_2026_0128,Soa Ratsimbazafy,30,F,Oui,Diplôme ISPM - Agriculture et Élevage,Biotechnologie et Agronomie,AEE,2020,Gestion d'exploitation; Agronomie; Gestion de projet; Leadership,Agriculture et Élevage,Agronome,Agriculture / Agronomie,6,SVT; SVT / Biologie-Géologie; SVT / Sciences humaines,95.7
PRO_2026_0129,Mialy Rabenjamina,46,M,Oui,Diplôme ISPM - Industrie Agroalimentaire,Biotechnologie et Agronomie,IAA,2019,Contrôle qualité HACCP; Microbiologie; Gestion de projet; Leadership,Industrie Agroalimentaire,Responsable Qualité HACCP,Industrie Agroalimentaire,7,"Sciences Physiques, Chimiques et Technologie (SPCT); Sciences Physiques et Chimiques; SVT",84.75
PRO_2026_0130,Henintsoa Rajaonarivelo,48,M,Oui,Diplôme ISPM - Pharmacologie et Industries Pharmaceutiques,Biotechnologie et Agronomie,PIP,2020,Analyse en laboratoire; Normes GMP/BPF; Gestion de projet; Leadership,Pharmacologie et Industries Pharmaceutiques,Assistant de recherche galénique,Industrie Pharmaceutique & Santé,6,"Sciences Physiques, Chimiques et Technologie (SPCT); Sciences Physiques et Chimiques; SVT",87.96
PRO_2026_0131,Nomena Andriantsitohaina,37,M,Oui,Diplôme ISPM - Électro-Mécanique et Informatique Industrielle,Génie Industriel et Génie Civil,EMII,2011,Maintenance industrielle; Électrotechnique; Gestion de projet; Leadership,Électro-Mécanique et Informatique Industrielle,Automaticien,Industrie & Automatisme,15,"Mathématiques; Mathématiques appliquées; Sciences Physiques, Chimiques et Technologie (SPCT)",94.73
PRO_2026_0132,Mialy Rajaonarivelo,25,M,Oui,Diplôme ISPM - Génie Civil et Architecture,Génie Industriel et Génie Civil,GCA,2017,Métré et devis; Conduite de chantier BTP; Gestion de projet; Leadership,Génie Civil et Architecture,Conducteur de travaux,Bâtiment et Travaux Publics (BTP),9,"Mathématiques; Mathématiques appliquées; Sciences Physiques, Chimiques et Technologie (SPCT)",72.47
PRO_2026_0133,Hasina Rakotomalala,44,M,Oui,"Diplôme ISPM - Industries Chimiques, Minières et Pétrolières",Génie Industriel et Génie Civil,ICMP,2013,Génie des procédés; Raffinage et extraction; Gestion de projet; Leadership,"Industries Chimiques, Minières et Pétrolières",Responsable d'extraction,"Mines, Énergie & Chimie",13,"Sciences Physiques, Chimiques et Technologie (SPCT); Sciences Physiques et Chimiques; Mathématiques",90.6
PRO_2026_0134,Mirana Randriamampianina,34,F,Oui,Diplôme ISPM - Electronique Système Informatique et Intelligence Artificielle,Informatique et Télécommunication,ESIIA,2011,C/C++ embarqué; Signal & Traitement; Gestion de projet; Leadership,Electronique Système Informatique et Intelligence Artificielle,Développeur IoT,Électronique & High-Tech,15,"Mathématiques; Mathématiques appliquées; Sciences Physiques, Chimiques et Technologie (SPCT)",74.65
PRO_2026_0135,Kanto Ratsimbazafy,46,M,Oui,Diplôme ISPM - Informatique de Gestion Génie Logiciel et Intelligence Artificielle,Informatique et Télécommunication,IGGLIA,2019,Algorithmique & Python; Machine Learning; Gestion de projet; Leadership,Informatique de Gestion Génie Logiciel et Intelligence Artificielle,Ingénieur Génie Logiciel,Informatique & Édition de Logiciels,7,Mathématiques; Mathématiques de gestion; Mathématiques appliquées,85.75
PRO_2026_0136,Mirana Rakotomalala,30,M,Oui,Diplôme ISPM - Informatique Multimédia Technologie de L'information et de la Communication et Intelligence Artificielle,Informatique et Télécommunication,IMTICIA,2009,Développement Web/Mobile; Infographie & 3D; Gestion de projet; Leadership,Informatique Multimédia Technologie de L'information et de la Communication et Intelligence Artificielle,Designer UI/UX,Numérique & Multimédia,17,Mathématiques; Français; Anglais,77.33
PRO_2026_0137,Toky Rabenjamina,39,F,Oui,Diplôme ISPM - Informatique Statistique Appliquée et Intelligence Artificielle,Informatique et Télécommunication,ISAIA,2018,Statistiques inférentielles; PowerBI & Analytics; Gestion de projet; Leadership,Informatique Statistique Appliquée et Intelligence Artificielle,Data Scientist,Data & Intelligence Artificielle,8,Mathématiques; Mathématiques de gestion; Mathématiques appliquées,95.75
PRO_2026_0138,Kanto Randriamampianina,29,M,Oui,Diplôme ISPM - Tourisme et Environnement,Techniques du Tourisme,TEE,2020,Écotourisme & Biodiversité; Gestion de projets durables; Gestion de projet; Leadership,Tourisme et Environnement,Responsable Parc Naturel,Tourisme & Environnement,6,Français; Anglais; LV2,82.38
PRO_2026_0139,Mialy Rakotondrabe,40,F,Oui,Diplôme ISPM - Tourisme et Hôtellerie,Techniques du Tourisme,TEH,2021,Management hôtelier; Gestion événementielle; Gestion de projet; Leadership,Tourisme et Hôtellerie,Chef de projet Événementiel,Hôtellerie & Restauration,5,Français; Anglais; LV2,73.88
PRO_2026_0140,Mialy Ratsimbazafy,37,M,Oui,Diplôme ISPM - Commerce et Administration des Affaires,Techniques des Affaires,CAA,2008,Techniques de Vente; Negociation internationale; Gestion de projet; Leadership,Commerce et Administration des Affaires,Directeur des Ventes,Commerce & Marketing,18,Français; Anglais; Mathématiques de gestion,83.63
PRO_2026_0141,Mialy Rakotomalala,44,M,Oui,Diplôme ISPM - Droit et Techniques Juridiques des Affaires,Techniques des Affaires,DTJA,2010,Droit des contrats; Analyse fiscale; Gestion de projet; Leadership,Droit et Techniques Juridiques des Affaires,Gestionnaire de Contrats,Droit & Juridique,16,Français; Français et Littérature; Philosophie,81.47
PRO_2026_0142,Andry Andriantsitohaina,42,F,Oui,Diplôme ISPM - Economie et Management de Projet,Techniques des Affaires,EMP,2014,Gestion de projet Agile/PMP; Étude d'impact économique; Gestion de projet; Leadership,Economie et Management de Projet,Analyste Économique,Management & Conseil,12,Mathématiques; Mathématiques de gestion; Économie,90.57
PRO_2026_0143,Fitia Rakotomalala,25,M,Oui,Diplôme ISPM - Finances et Comptabilités,Techniques des Affaires,FIC,2009,Contrôle de gestion; Gestion de trésorerie; Gestion de projet; Leadership,Finances et Comptabilités,Comptable Senior,Finance & Comptabilité,17,Mathématiques de gestion; Mathématiques; Gestion / Comptabilité,85.6
PRO_2026_0144,Andry Rajaonarivelo,27,F,Oui,Diplôme ISPM - Agriculture et Élevage,Biotechnologie et Agronomie,AEE,2020,Agronomie; Gestion d'exploitation; Gestion de projet; Leadership,Agriculture et Élevage,Conseiller agricole,Agriculture / Agronomie,6,SVT; SVT / Biologie-Géologie; SVT / Sciences humaines,76.08
PRO_2026_0145,Toky Rasoanaivo,27,M,Oui,Diplôme ISPM - Industrie Agroalimentaire,Biotechnologie et Agronomie,IAA,2018,Biochimie alimentaire; Microbiologie; Gestion de projet; Leadership,Industrie Agroalimentaire,Conducteur de ligne de production,Industrie Agroalimentaire,8,"Sciences Physiques, Chimiques et Technologie (SPCT); Sciences Physiques et Chimiques; SVT",91.63
PRO_2026_0146,Nomena Rasoanaivo,23,M,Oui,Diplôme ISPM - Pharmacologie et Industries Pharmaceutiques,Biotechnologie et Agronomie,PIP,2017,Analyse en laboratoire; Chimie organique; Gestion de projet; Leadership,Pharmacologie et Industries Pharmaceutiques,Responsable contrôle qualité labo,Industrie Pharmaceutique & Santé,9,"Sciences Physiques, Chimiques et Technologie (SPCT); Sciences Physiques et Chimiques; SVT",98.88
PRO_2026_0147,Hasina Ratsimbazafy,41,M,Oui,Diplôme ISPM - Électro-Mécanique et Informatique Industrielle,Génie Industriel et Génie Civil,EMII,2012,Automatisme PLC; Maintenance industrielle; Gestion de projet; Leadership,Électro-Mécanique et Informatique Industrielle,Automaticien,Industrie & Automatisme,14,"Mathématiques; Mathématiques appliquées; Sciences Physiques, Chimiques et Technologie (SPCT)",73.24
PRO_2026_0148,Sitraka Razafindrakoto,30,M,Oui,Diplôme ISPM - Génie Civil et Architecture,Génie Industriel et Génie Civil,GCA,2012,Conduite de chantier BTP; Métré et devis; Gestion de projet; Leadership,Génie Civil et Architecture,Conducteur de travaux,Bâtiment et Travaux Publics (BTP),14,"Mathématiques; Mathématiques appliquées; Sciences Physiques, Chimiques et Technologie (SPCT)",83.67
PRO_2026_0149,Mialy Razafindrakoto,30,M,Oui,"Diplôme ISPM - Industries Chimiques, Minières et Pétrolières",Génie Industriel et Génie Civil,ICMP,2025,Normes QHSE; Géologie minière; Gestion de projet; Leadership,"Industries Chimiques, Minières et Pétrolières",Ingénieur QHSE,"Mines, Énergie & Chimie",1,"Sciences Physiques, Chimiques et Technologie (SPCT); Sciences Physiques et Chimiques; Mathématiques",96.39
PRO_2026_0150,Andry Rabenjamina,35,M,Oui,Diplôme ISPM - Electronique Système Informatique et Intelligence Artificielle,Informatique et Télécommunication,ESIIA,2012,Électronique numérique; Signal & Traitement; Gestion de projet; Leadership,Electronique Système Informatique et Intelligence Artificielle,Développeur IoT,Électronique & High-Tech,14,"Mathématiques; Mathématiques appliquées; Sciences Physiques, Chimiques et Technologie (SPCT)",83.46
PRO_2026_0151,Tiana Rajaonarivelo,32,F,Oui,Diplôme ISPM - Informatique de Gestion Génie Logiciel et Intelligence Artificielle,Informatique et Télécommunication,IGGLIA,2015,Algorithmique & Python; Génie Logiciel & Java/Web; Gestion de projet; Leadership,Informatique de Gestion Génie Logiciel et Intelligence Artificielle,Développeur Fullstack,Informatique & Édition de Logiciels,11,Mathématiques; Mathématiques de gestion; Mathématiques appliquées,91.14
PRO_2026_0152,Faly Randriamampianina,36,F,Oui,Diplôme ISPM - Informatique Multimédia Technologie de L'information et de la Communication et Intelligence Artificielle,Informatique et Télécommunication,IMTICIA,2021,Développement Web/Mobile; Infographie & 3D; Gestion de projet; Leadership,Informatique Multimédia Technologie de L'information et de la Communication et Intelligence Artificielle,Concepteur Multimédia,Numérique & Multimédia,5,Mathématiques; Français; Anglais,70.1
PRO_2026_0153,Hasina Rakotondrabe,26,M,Oui,Diplôme ISPM - Informatique Statistique Appliquée et Intelligence Artificielle,Informatique et Télécommunication,ISAIA,2014,Machine Learning & Deep Learning; Statistiques inférentielles; Gestion de projet; Leadership,Informatique Statistique Appliquée et Intelligence Artificielle,Data Analyst,Data & Intelligence Artificielle,12,Mathématiques; Mathématiques de gestion; Mathématiques appliquées,88.97
PRO_2026_0154,Nomena Andriantsitohaina,41,F,Oui,Diplôme ISPM - Tourisme et Environnement,Techniques du Tourisme,TEE,2022,Ingénierie touristique; Écotourisme & Biodiversité; Gestion de projet; Leadership,Tourisme et Environnement,Chef de projet Développement Durable,Tourisme & Environnement,4,Français; Anglais; LV2,94.26
PRO_2026_0155,Mirana Rasoanaivo,28,M,Oui,Diplôme ISPM - Tourisme et Hôtellerie,Techniques du Tourisme,TEH,2020,Management hôtelier; Gestion événementielle; Gestion de projet; Leadership,Tourisme et Hôtellerie,Chef de projet Événementiel,Hôtellerie & Restauration,6,Français; Anglais; LV2,84.59
PRO_2026_0156,Sitraka Rajaonarivelo,37,F,Oui,Diplôme ISPM - Commerce et Administration des Affaires,Techniques des Affaires,CAA,2016,Negociation internationale; Techniques de Vente; Gestion de projet; Leadership,Commerce et Administration des Affaires,Chef de Produit Marketing,Commerce & Marketing,10,Français; Anglais; Mathématiques de gestion,91.46
PRO_2026_0157,Mialy Ramanantsoa,35,M,Oui,Diplôme ISPM - Droit et Techniques Juridiques des Affaires,Techniques des Affaires,DTJA,2015,Analyse fiscale; Rédaction juridique; Gestion de projet; Leadership,Droit et Techniques Juridiques des Affaires,Consultant Fiscaliste,Droit & Juridique,11,Français; Français et Littérature; Philosophie,92.38
PRO_2026_0158,Mirana Rabenjamina,33,M,Oui,Diplôme ISPM - Economie et Management de Projet,Techniques des Affaires,EMP,2015,Gestion des risques; Gestion de projet Agile/PMP; Gestion de projet; Leadership,Economie et Management de Projet,Analyste Économique,Management & Conseil,11,Mathématiques; Mathématiques de gestion; Économie,83.43
PRO_2026_0159,Fitia Rabenjamina,40,M,Oui,Diplôme ISPM - Finances et Comptabilités,Techniques des Affaires,FIC,2013,Audit financier; Comptabilité générale & analytique; Gestion de projet; Leadership,Finances et Comptabilités,Comptable Senior,Finance & Comptabilité,13,Mathématiques de gestion; Mathématiques; Gestion / Comptabilité,98.51
PRO_2026_0160,Mirana Rabenjamina,41,M,Oui,Diplôme ISPM - Agriculture et Élevage,Biotechnologie et Agronomie,AEE,2018,Analyse des sols; Zootechnie; Gestion de projet; Leadership,Agriculture et Élevage,Agronome,Agriculture / Agronomie,8,SVT; SVT / Biologie-Géologie; SVT / Sciences humaines,93.27
PRO_2026_0161,Faly Rakotomalala,23,F,Oui,Diplôme ISPM - Industrie Agroalimentaire,Biotechnologie et Agronomie,IAA,2022,Biochimie alimentaire; Contrôle qualité HACCP; Gestion de projet; Leadership,Industrie Agroalimentaire,Biologiste industriel,Industrie Agroalimentaire,4,"Sciences Physiques, Chimiques et Technologie (SPCT); Sciences Physiques et Chimiques; SVT",93.98
PRO_2026_0162,Dina Rakotomalala,42,M,Oui,Diplôme ISPM - Pharmacologie et Industries Pharmaceutiques,Biotechnologie et Agronomie,PIP,2014,Analyse en laboratoire; Normes GMP/BPF; Gestion de projet; Leadership,Pharmacologie et Industries Pharmaceutiques,Assistant de recherche galénique,Industrie Pharmaceutique & Santé,12,"Sciences Physiques, Chimiques et Technologie (SPCT); Sciences Physiques et Chimiques; SVT",91.19
PRO_2026_0163,Dina Rakotondrabe,24,F,Oui,Diplôme ISPM - Électro-Mécanique et Informatique Industrielle,Génie Industriel et Génie Civil,EMII,2014,CAO Mécanique; Électrotechnique; Gestion de projet; Leadership,Électro-Mécanique et Informatique Industrielle,Concepteur Mécatronique,Industrie & Automatisme,12,"Mathématiques; Mathématiques appliquées; Sciences Physiques, Chimiques et Technologie (SPCT)",82.9
PRO_2026_0164,Nary Razafindrakoto,50,M,Oui,Diplôme ISPM - Génie Civil et Architecture,Génie Industriel et Génie Civil,GCA,2022,Conduite de chantier BTP; Métré et devis; Gestion de projet; Leadership,Génie Civil et Architecture,Architecte collaborateur,Bâtiment et Travaux Publics (BTP),4,"Mathématiques; Mathématiques appliquées; Sciences Physiques, Chimiques et Technologie (SPCT)",93.13
PRO_2026_0165,Fitia Andriantsitohaina,45,F,Oui,"Diplôme ISPM - Industries Chimiques, Minières et Pétrolières",Génie Industriel et Génie Civil,ICMP,2015,Raffinage et extraction; Génie des procédés; Gestion de projet; Leadership,"Industries Chimiques, Minières et Pétrolières",Responsable d'extraction,"Mines, Énergie & Chimie",11,"Sciences Physiques, Chimiques et Technologie (SPCT); Sciences Physiques et Chimiques; Mathématiques",82.82
PRO_2026_0166,Kanto Rabenjamina,47,M,Oui,Diplôme ISPM - Electronique Système Informatique et Intelligence Artificielle,Informatique et Télécommunication,ESIIA,2023,C/C++ embarqué; Électronique numérique; Gestion de projet; Leadership,Electronique Système Informatique et Intelligence Artificielle,Développeur IoT,Électronique & High-Tech,3,"Mathématiques; Mathématiques appliquées; Sciences Physiques, Chimiques et Technologie (SPCT)",86.53
PRO_2026_0167,Rova Rakotomalala,41,F,Oui,Diplôme ISPM - Informatique de Gestion Génie Logiciel et Intelligence Artificielle,Informatique et Télécommunication,IGGLIA,2024,SQL & Bases de données; Machine Learning; Gestion de projet; Leadership,Informatique de Gestion Génie Logiciel et Intelligence Artificielle,Développeur Fullstack,Informatique & Édition de Logiciels,2,Mathématiques; Mathématiques de gestion; Mathématiques appliquées,96.92
PRO_2026_0168,Toky Rasoanaivo,26,M,Oui,Diplôme ISPM - Informatique Multimédia Technologie de L'information et de la Communication et Intelligence Artificielle,Informatique et Télécommunication,IMTICIA,2019,Réseaux informatiques; UI/UX Design; Gestion de projet; Leadership,Informatique Multimédia Technologie de L'information et de la Communication et Intelligence Artificielle,Concepteur Multimédia,Numérique & Multimédia,7,Mathématiques; Français; Anglais,70.23
PRO_2026_0169,Henintsoa Rabenjamina,31,F,Oui,Diplôme ISPM - Informatique Statistique Appliquée et Intelligence Artificielle,Informatique et Télécommunication,ISAIA,2012,Python / R Data; Machine Learning & Deep Learning; Gestion de projet; Leadership,Informatique Statistique Appliquée et Intelligence Artificielle,Data Analyst,Data & Intelligence Artificielle,14,Mathématiques; Mathématiques de gestion; Mathématiques appliquées,84.72
PRO_2026_0170,Tiana Rasoanaivo,41,M,Oui,Diplôme ISPM - Tourisme et Environnement,Techniques du Tourisme,TEE,2025,Gestion de projets durables; Écotourisme & Biodiversité; Gestion de projet; Leadership,Tourisme et Environnement,Responsable Parc Naturel,Tourisme & Environnement,1,Français; Anglais; LV2,96.17
PRO_2026_0171,Nomena Ratsimbazafy,46,F,Oui,Diplôme ISPM - Tourisme et Hôtellerie,Techniques du Tourisme,TEH,2007,Yield Management; Management hôtelier; Gestion de projet; Leadership,Tourisme et Hôtellerie,Chef de projet Événementiel,Hôtellerie & Restauration,19,Français; Anglais; LV2,88.37
PRO_2026_0172,Mirana Rakotondrabe,24,M,Oui,Diplôme ISPM - Commerce et Administration des Affaires,Techniques des Affaires,CAA,2019,Negociation internationale; Marketing Digital; Gestion de projet; Leadership,Commerce et Administration des Affaires,Business Developer,Commerce & Marketing,7,Français; Anglais; Mathématiques de gestion,84.89
PRO_2026_0173,Lova Ratsimbazafy,39,F,Oui,Diplôme ISPM - Droit et Techniques Juridiques des Affaires,Techniques des Affaires,DTJA,2009,Analyse fiscale; Rédaction juridique; Gestion de projet; Leadership,Droit et Techniques Juridiques des Affaires,Juriste d'Entreprise,Droit & Juridique,17,Français; Français et Littérature; Philosophie,98.11
PRO_2026_0174,Henintsoa Randriamampianina,45,M,Oui,Diplôme ISPM - Economie et Management de Projet,Techniques des Affaires,EMP,2024,Gestion de projet Agile/PMP; Analyse financière; Gestion de projet; Leadership,Economie et Management de Projet,Chef de Projet,Management & Conseil,2,Mathématiques; Mathématiques de gestion; Économie,76.88
PRO_2026_0175,Fitia Randriamampianina,42,F,Oui,Diplôme ISPM - Finances et Comptabilités,Techniques des Affaires,FIC,2017,Gestion de trésorerie; Contrôle de gestion; Gestion de projet; Leadership,Finances et Comptabilités,Contrôleur de Gestion,Finance & Comptabilité,9,Mathématiques de gestion; Mathématiques; Gestion / Comptabilité,96.12
PRO_2026_0176,Rova Ratsimbazafy,31,M,Oui,Diplôme ISPM - Agriculture et Élevage,Biotechnologie et Agronomie,AEE,2024,Gestion d'exploitation; Analyse des sols; Gestion de projet; Leadership,Agriculture et Élevage,Responsable d'élevage,Agriculture / Agronomie,2,SVT; SVT / Biologie-Géologie; SVT / Sciences humaines,96.26
PRO_2026_0177,Kanto Rakotondrabe,27,F,Oui,Diplôme ISPM - Industrie Agroalimentaire,Biotechnologie et Agronomie,IAA,2015,Contrôle qualité HACCP; Microbiologie; Gestion de projet; Leadership,Industrie Agroalimentaire,Conducteur de ligne de production,Industrie Agroalimentaire,11,"Sciences Physiques, Chimiques et Technologie (SPCT); Sciences Physiques et Chimiques; SVT",92.29
PRO_2026_0178,Toky Rasoanaivo,26,F,Oui,Diplôme ISPM - Pharmacologie et Industries Pharmaceutiques,Biotechnologie et Agronomie,PIP,2025,Pharmacologie; Normes GMP/BPF; Gestion de projet; Leadership,Pharmacologie et Industries Pharmaceutiques,Assistant de recherche galénique,Industrie Pharmaceutique & Santé,1,"Sciences Physiques, Chimiques et Technologie (SPCT); Sciences Physiques et Chimiques; SVT",86.81
PRO_2026_0179,Henintsoa Ratsimbazafy,42,F,Oui,Diplôme ISPM - Électro-Mécanique et Informatique Industrielle,Génie Industriel et Génie Civil,EMII,2007,CAO Mécanique; Maintenance industrielle; Gestion de projet; Leadership,Électro-Mécanique et Informatique Industrielle,Ingénieur Électromécanicien,Industrie & Automatisme,19,"Mathématiques; Mathématiques appliquées; Sciences Physiques, Chimiques et Technologie (SPCT)",90.42
PRO_2026_0180,Mirana Ramanantsoa,34,F,Oui,Diplôme ISPM - Génie Civil et Architecture,Génie Industriel et Génie Civil,GCA,2011,Conduite de chantier BTP; AutoCAD/Revit; Gestion de projet; Leadership,Génie Civil et Architecture,Architecte collaborateur,Bâtiment et Travaux Publics (BTP),15,"Mathématiques; Mathématiques appliquées; Sciences Physiques, Chimiques et Technologie (SPCT)",82.08
PRO_2026_0181,Vero Rasoanaivo,35,F,Oui,"Diplôme ISPM - Industries Chimiques, Minières et Pétrolières",Génie Industriel et Génie Civil,ICMP,2009,Géologie minière; Raffinage et extraction; Gestion de projet; Leadership,"Industries Chimiques, Minières et Pétrolières",Ingénieur QHSE,"Mines, Énergie & Chimie",17,"Sciences Physiques, Chimiques et Technologie (SPCT); Sciences Physiques et Chimiques; Mathématiques",89.64
PRO_2026_0182,Tojo Andriantsitohaina,24,F,Oui,Diplôme ISPM - Electronique Système Informatique et Intelligence Artificielle,Informatique et Télécommunication,ESIIA,2022,Signal & Traitement; Microcontrôleurs IoT; Gestion de projet; Leadership,Electronique Système Informatique et Intelligence Artificielle,Développeur IoT,Électronique & High-Tech,4,"Mathématiques; Mathématiques appliquées; Sciences Physiques, Chimiques et Technologie (SPCT)",72.72
PRO_2026_0183,Faly Rasoanaivo,44,M,Oui,Diplôme ISPM - Informatique de Gestion Génie Logiciel et Intelligence Artificielle,Informatique et Télécommunication,IGGLIA,2025,Génie Logiciel & Java/Web; Machine Learning; Gestion de projet; Leadership,Informatique de Gestion Génie Logiciel et Intelligence Artificielle,Data Scientist / IA,Informatique & Édition de Logiciels,1,Mathématiques; Mathématiques de gestion; Mathématiques appliquées,86.93
PRO_2026_0184,Henintsoa Rakotondrabe,29,F,Oui,Diplôme ISPM - Informatique Multimédia Technologie de L'information et de la Communication et Intelligence Artificielle,Informatique et Télécommunication,IMTICIA,2016,Développement Web/Mobile; UI/UX Design; Gestion de projet; Leadership,Informatique Multimédia Technologie de L'information et de la Communication et Intelligence Artificielle,Développeur Web/Mobile,Numérique & Multimédia,10,Mathématiques; Français; Anglais,81.86
PRO_2026_0185,Mialy Rakotomalala,33,M,Oui,Diplôme ISPM - Informatique Statistique Appliquée et Intelligence Artificielle,Informatique et Télécommunication,ISAIA,2008,Statistiques inférentielles; Machine Learning & Deep Learning; Gestion de projet; Leadership,Informatique Statistique Appliquée et Intelligence Artificielle,Consultant Big Data,Data & Intelligence Artificielle,18,Mathématiques; Mathématiques de gestion; Mathématiques appliquées,75.43
PRO_2026_0186,Nomena Ramanantsoa,49,F,Oui,Diplôme ISPM - Tourisme et Environnement,Techniques du Tourisme,TEE,2015,Écotourisme & Biodiversité; Guide & Médiation; Gestion de projet; Leadership,Tourisme et Environnement,Chef de projet Développement Durable,Tourisme & Environnement,11,Français; Anglais; LV2,76.9
PRO_2026_0187,Faly Rasoanaivo,32,F,Oui,Diplôme ISPM - Tourisme et Hôtellerie,Techniques du Tourisme,TEH,2021,Management hôtelier; Yield Management; Gestion de projet; Leadership,Tourisme et Hôtellerie,Responsable d'Agence de Voyage,Hôtellerie & Restauration,5,Français; Anglais; LV2,74.05
PRO_2026_0188,Nomena Razafindrakoto,31,F,Oui,Diplôme ISPM - Commerce et Administration des Affaires,Techniques des Affaires,CAA,2010,Negociation internationale; Techniques de Vente; Gestion de projet; Leadership,Commerce et Administration des Affaires,Responsable Commercial,Commerce & Marketing,16,Français; Anglais; Mathématiques de gestion,92.97
PRO_2026_0189,Hery Rakotomalala,41,M,Oui,Diplôme ISPM - Droit et Techniques Juridiques des Affaires,Techniques des Affaires,DTJA,2014,Analyse fiscale; Droit des contrats; Gestion de projet; Leadership,Droit et Techniques Juridiques des Affaires,Assistant Juridique,Droit & Juridique,12,Français; Français et Littérature; Philosophie,90.15
PRO_2026_0190,Hasina Randriamampianina,24,M,Oui,Diplôme ISPM - Economie et Management de Projet,Techniques des Affaires,EMP,2012,Gestion des risques; Analyse financière; Gestion de projet; Leadership,Economie et Management de Projet,Chef de Projet,Management & Conseil,14,Mathématiques; Mathématiques de gestion; Économie,72.14
PRO_2026_0191,Rova Ramanantsoa,31,F,Oui,Diplôme ISPM - Finances et Comptabilités,Techniques des Affaires,FIC,2007,Gestion de trésorerie; Audit financier; Gestion de projet; Leadership,Finances et Comptabilités,Contrôleur de Gestion,Finance & Comptabilité,19,Mathématiques de gestion; Mathématiques; Gestion / Comptabilité,73.22
PRO_2026_0192,Andry Ratsimbazafy,40,M,Oui,Diplôme ISPM - Agriculture et Élevage,Biotechnologie et Agronomie,AEE,2006,Zootechnie; Gestion d'exploitation; Gestion de projet; Leadership,Agriculture et Élevage,Agronome,Agriculture / Agronomie,20,SVT; SVT / Biologie-Géologie; SVT / Sciences humaines,89.63
PRO_2026_0193,Faly Rabenjamina,33,M,Oui,Diplôme ISPM - Industrie Agroalimentaire,Biotechnologie et Agronomie,IAA,2011,Biochimie alimentaire; Microbiologie; Gestion de projet; Leadership,Industrie Agroalimentaire,Biologiste industriel,Industrie Agroalimentaire,15,"Sciences Physiques, Chimiques et Technologie (SPCT); Sciences Physiques et Chimiques; SVT",74.9
PRO_2026_0194,Mirana Andriantsitohaina,43,M,Oui,Diplôme ISPM - Pharmacologie et Industries Pharmaceutiques,Biotechnologie et Agronomie,PIP,2025,Normes GMP/BPF; Pharmacologie; Gestion de projet; Leadership,Pharmacologie et Industries Pharmaceutiques,Assistant de recherche galénique,Industrie Pharmaceutique & Santé,1,"Sciences Physiques, Chimiques et Technologie (SPCT); Sciences Physiques et Chimiques; SVT",78.22
PRO_2026_0195,Nomena Rakotondrabe,30,M,Oui,Diplôme ISPM - Électro-Mécanique et Informatique Industrielle,Génie Industriel et Génie Civil,EMII,2017,Maintenance industrielle; Électrotechnique; Gestion de projet; Leadership,Électro-Mécanique et Informatique Industrielle,Responsable Maintenance,Industrie & Automatisme,9,"Mathématiques; Mathématiques appliquées; Sciences Physiques, Chimiques et Technologie (SPCT)",93.53
PRO_2026_0196,Andry Rajaonarivelo,33,M,Oui,Diplôme ISPM - Génie Civil et Architecture,Génie Industriel et Génie Civil,GCA,2021,AutoCAD/Revit; Métré et devis; Gestion de projet; Leadership,Génie Civil et Architecture,Conducteur de travaux,Bâtiment et Travaux Publics (BTP),5,"Mathématiques; Mathématiques appliquées; Sciences Physiques, Chimiques et Technologie (SPCT)",79.65
PRO_2026_0197,Vero Ratsimbazafy,38,F,Oui,"Diplôme ISPM - Industries Chimiques, Minières et Pétrolières",Génie Industriel et Génie Civil,ICMP,2008,Géologie minière; Génie des procédés; Gestion de projet; Leadership,"Industries Chimiques, Minières et Pétrolières",Ingénieur QHSE,"Mines, Énergie & Chimie",18,"Sciences Physiques, Chimiques et Technologie (SPCT); Sciences Physiques et Chimiques; Mathématiques",88.74
PRO_2026_0198,Hery Razafindrakoto,50,M,Oui,Diplôme ISPM - Electronique Système Informatique et Intelligence Artificielle,Informatique et Télécommunication,ESIIA,2007,Électronique numérique; Signal & Traitement; Gestion de projet; Leadership,Electronique Système Informatique et Intelligence Artificielle,Ingénieur Systèmes Embarqués,Électronique & High-Tech,19,"Mathématiques; Mathématiques appliquées; Sciences Physiques, Chimiques et Technologie (SPCT)",93.88
PRO_2026_0199,Faly Ratsimbazafy,39,M,Oui,Diplôme ISPM - Informatique de Gestion Génie Logiciel et Intelligence Artificielle,Informatique et Télécommunication,IGGLIA,2018,Machine Learning; SQL & Bases de données; Gestion de projet; Leadership,Informatique de Gestion Génie Logiciel et Intelligence Artificielle,Data Scientist / IA,Informatique & Édition de Logiciels,8,Mathématiques; Mathématiques de gestion; Mathématiques appliquées,89.16
PRO_2026_0200,Kanto Andriantsitohaina,41,M,Oui,Diplôme ISPM - Informatique Multimédia Technologie de L'information et de la Communication et Intelligence Artificielle,Informatique et Télécommunication,IMTICIA,2020,Développement Web/Mobile; UI/UX Design; Gestion de projet; Leadership,Informatique Multimédia Technologie de L'information et de la Communication et Intelligence Artificielle,Designer UI/UX,Numérique & Multimédia,6,Mathématiques; Français; Anglais,86.36
PRO_2026_0201,Lova Razafindrakoto,44,M,Oui,Diplôme ISPM - Informatique Statistique Appliquée et Intelligence Artificielle,Informatique et Télécommunication,ISAIA,2013,PowerBI & Analytics; Machine Learning & Deep Learning; Gestion de projet; Leadership,Informatique Statistique Appliquée et Intelligence Artificielle,Data Analyst,Data & Intelligence Artificielle,13,Mathématiques; Mathématiques de gestion; Mathématiques appliquées,71.08
PRO_2026_0202,Henintsoa Rasoanaivo,46,M,Oui,Diplôme ISPM - Tourisme et Environnement,Techniques du Tourisme,TEE,2015,Écotourisme & Biodiversité; Ingénierie touristique; Gestion de projet; Leadership,Tourisme et Environnement,Consultant Écotourisme,Tourisme & Environnement,11,Français; Anglais; LV2,71.62
PRO_2026_0203,Rova Ramanantsoa,31,F,Oui,Diplôme ISPM - Tourisme et Hôtellerie,Techniques du Tourisme,TEH,2006,Yield Management; Gestion événementielle; Gestion de projet; Leadership,Tourisme et Hôtellerie,Manager d'Hôtel,Hôtellerie & Restauration,20,Français; Anglais; LV2,87.37
PRO_2026_0204,Henintsoa Ramanantsoa,35,M,Oui,Diplôme ISPM - Commerce et Administration des Affaires,Techniques des Affaires,CAA,2023,Techniques de Vente; Negociation internationale; Gestion de projet; Leadership,Commerce et Administration des Affaires,Chef de Produit Marketing,Commerce & Marketing,3,Français; Anglais; Mathématiques de gestion,93.72
PRO_2026_0205,Nomena Rasoanaivo,46,M,Oui,Diplôme ISPM - Droit et Techniques Juridiques des Affaires,Techniques des Affaires,DTJA,2007,Droit des contrats; Rédaction juridique; Gestion de projet; Leadership,Droit et Techniques Juridiques des Affaires,Gestionnaire de Contrats,Droit & Juridique,19,Français; Français et Littérature; Philosophie,70.07
PRO_2026_0206,Hery Rabenjamina,23,F,Oui,Diplôme ISPM - Economie et Management de Projet,Techniques des Affaires,EMP,2023,Analyse financière; Gestion des risques; Gestion de projet; Leadership,Economie et Management de Projet,Consultant en Organisation,Management & Conseil,3,Mathématiques; Mathématiques de gestion; Économie,71.22
PRO_2026_0207,Rova Rajaonarivelo,27,M,Oui,Diplôme ISPM - Finances et Comptabilités,Techniques des Affaires,FIC,2009,Gestion de trésorerie; Audit financier; Gestion de projet; Leadership,Finances et Comptabilités,Auditeur Financier,Finance & Comptabilité,17,Mathématiques de gestion; Mathématiques; Gestion / Comptabilité,91.71
PRO_2026_0208,Mirana Rajaonarivelo,47,M,Oui,Diplôme ISPM - Agriculture et Élevage,Biotechnologie et Agronomie,AEE,2015,Analyse des sols; Zootechnie; Gestion de projet; Leadership,Agriculture et Élevage,Chef d'exploitation,Agriculture / Agronomie,11,SVT; SVT / Biologie-Géologie; SVT / Sciences humaines,91.32
PRO_2026_0209,Rova Rabenjamina,48,M,Oui,Diplôme ISPM - Industrie Agroalimentaire,Biotechnologie et Agronomie,IAA,2008,Biochimie alimentaire; Contrôle qualité HACCP; Gestion de projet; Leadership,Industrie Agroalimentaire,Responsable Qualité HACCP,Industrie Agroalimentaire,18,"Sciences Physiques, Chimiques et Technologie (SPCT); Sciences Physiques et Chimiques; SVT",75.61
PRO_2026_0210,Sitraka Randriamampianina,49,M,Oui,Diplôme ISPM - Pharmacologie et Industries Pharmaceutiques,Biotechnologie et Agronomie,PIP,2023,Normes GMP/BPF; Analyse en laboratoire; Gestion de projet; Leadership,Pharmacologie et Industries Pharmaceutiques,Responsable contrôle qualité labo,Industrie Pharmaceutique & Santé,3,"Sciences Physiques, Chimiques et Technologie (SPCT); Sciences Physiques et Chimiques; SVT",86.05
PRO_2026_0211,Vero Ratsimbazafy,36,F,Oui,Diplôme ISPM - Électro-Mécanique et Informatique Industrielle,Génie Industriel et Génie Civil,EMII,2014,Électrotechnique; Maintenance industrielle; Gestion de projet; Leadership,Électro-Mécanique et Informatique Industrielle,Responsable Maintenance,Industrie & Automatisme,12,"Mathématiques; Mathématiques appliquées; Sciences Physiques, Chimiques et Technologie (SPCT)",95.55
PRO_2026_0212,Fitia Andriantsitohaina,23,F,Oui,Diplôme ISPM - Génie Civil et Architecture,Génie Industriel et Génie Civil,GCA,2025,Métré et devis; AutoCAD/Revit; Gestion de projet; Leadership,Génie Civil et Architecture,Conducteur de travaux,Bâtiment et Travaux Publics (BTP),1,"Mathématiques; Mathématiques appliquées; Sciences Physiques, Chimiques et Technologie (SPCT)",74.51
PRO_2026_0213,Fitia Rajaonarivelo,28,F,Oui,"Diplôme ISPM - Industries Chimiques, Minières et Pétrolières",Génie Industriel et Génie Civil,ICMP,2011,Raffinage et extraction; Normes QHSE; Gestion de projet; Leadership,"Industries Chimiques, Minières et Pétrolières",Géologue minier,"Mines, Énergie & Chimie",15,"Sciences Physiques, Chimiques et Technologie (SPCT); Sciences Physiques et Chimiques; Mathématiques",83.51
PRO_2026_0214,Fitia Ratsimbazafy,38,F,Oui,Diplôme ISPM - Electronique Système Informatique et Intelligence Artificielle,Informatique et Télécommunication,ESIIA,2025,C/C++ embarqué; Électronique numérique; Gestion de projet; Leadership,Electronique Système Informatique et Intelligence Artificielle,Développeur IoT,Électronique & High-Tech,1,"Mathématiques; Mathématiques appliquées; Sciences Physiques, Chimiques et Technologie (SPCT)",90.27
PRO_2026_0215,Dina Rabenjamina,33,F,Oui,Diplôme ISPM - Informatique de Gestion Génie Logiciel et Intelligence Artificielle,Informatique et Télécommunication,IGGLIA,2011,Algorithmique & Python; Génie Logiciel & Java/Web; Gestion de projet; Leadership,Informatique de Gestion Génie Logiciel et Intelligence Artificielle,Data Scientist / IA,Informatique & Édition de Logiciels,15,Mathématiques; Mathématiques de gestion; Mathématiques appliquées,72.51
PRO_2026_0216,Dina Rakotomalala,39,F,Oui,Diplôme ISPM - Informatique Multimédia Technologie de L'information et de la Communication et Intelligence Artificielle,Informatique et Télécommunication,IMTICIA,2021,Développement Web/Mobile; Réseaux informatiques; Gestion de projet; Leadership,Informatique Multimédia Technologie de L'information et de la Communication et Intelligence Artificielle,Administrateur Réseaux & TIC,Numérique & Multimédia,5,Mathématiques; Français; Anglais,85.15
PRO_2026_0217,Andry Razafindrakoto,39,M,Oui,Diplôme ISPM - Informatique Statistique Appliquée et Intelligence Artificielle,Informatique et Télécommunication,ISAIA,2013,PowerBI & Analytics; Python / R Data; Gestion de projet; Leadership,Informatique Statistique Appliquée et Intelligence Artificielle,Data Analyst,Data & Intelligence Artificielle,13,Mathématiques; Mathématiques de gestion; Mathématiques appliquées,73.47
PRO_2026_0218,Soa Rabenjamina,33,M,Oui,Diplôme ISPM - Tourisme et Environnement,Techniques du Tourisme,TEE,2010,Guide & Médiation; Ingénierie touristique; Gestion de projet; Leadership,Tourisme et Environnement,Consultant Écotourisme,Tourisme & Environnement,16,Français; Anglais; LV2,79.71
PRO_2026_0219,Vero Rakotondrabe,39,M,Oui,Diplôme ISPM - Tourisme et Hôtellerie,Techniques du Tourisme,TEH,2019,Yield Management; Gestion événementielle; Gestion de projet; Leadership,Tourisme et Hôtellerie,Manager d'Hôtel,Hôtellerie & Restauration,7,Français; Anglais; LV2,78.86
PRO_2026_0220,Tiana Rakotomalala,49,F,Oui,Diplôme ISPM - Commerce et Administration des Affaires,Techniques des Affaires,CAA,2023,Analyse Marché; Negociation internationale; Gestion de projet; Leadership,Commerce et Administration des Affaires,Chef de Produit Marketing,Commerce & Marketing,3,Français; Anglais; Mathématiques de gestion,85.19
PRO_2026_0221,Fitia Ramanantsoa,47,F,Oui,Diplôme ISPM - Droit et Techniques Juridiques des Affaires,Techniques des Affaires,DTJA,2021,Droit des contrats; Conseil d'entreprise; Gestion de projet; Leadership,Droit et Techniques Juridiques des Affaires,Assistant Juridique,Droit & Juridique,5,Français; Français et Littérature; Philosophie,89.5
PRO_2026_0222,Fitia Rabenjamina,49,F,Oui,Diplôme ISPM - Economie et Management de Projet,Techniques des Affaires,EMP,2025,Gestion de projet Agile/PMP; Étude d'impact économique; Gestion de projet; Leadership,Economie et Management de Projet,Chef de Projet,Management & Conseil,1,Mathématiques; Mathématiques de gestion; Économie,86.13
PRO_2026_0223,Soa Rajaonarivelo,23,F,Oui,Diplôme ISPM - Finances et Comptabilités,Techniques des Affaires,FIC,2025,Gestion de trésorerie; Comptabilité générale & analytique; Gestion de projet; Leadership,Finances et Comptabilités,Comptable Senior,Finance & Comptabilité,1,Mathématiques de gestion; Mathématiques; Gestion / Comptabilité,90.07
PRO_2026_0224,Tiana Razafindrakoto,50,M,Oui,Diplôme ISPM - Agriculture et Élevage,Biotechnologie et Agronomie,AEE,2014,Agronomie; Zootechnie; Gestion de projet; Leadership,Agriculture et Élevage,Conseiller agricole,Agriculture / Agronomie,12,SVT; SVT / Biologie-Géologie; SVT / Sciences humaines,83.55
PRO_2026_0225,Mirana Rakotondrabe,38,F,Oui,Diplôme ISPM - Industrie Agroalimentaire,Biotechnologie et Agronomie,IAA,2024,Contrôle qualité HACCP; Biochimie alimentaire; Gestion de projet; Leadership,Industrie Agroalimentaire,Conducteur de ligne de production,Industrie Agroalimentaire,2,"Sciences Physiques, Chimiques et Technologie (SPCT); Sciences Physiques et Chimiques; SVT",82.31
PRO_2026_0226,Sitraka Ratsimbazafy,34,F,Oui,Diplôme ISPM - Pharmacologie et Industries Pharmaceutiques,Biotechnologie et Agronomie,PIP,2006,Normes GMP/BPF; Analyse en laboratoire; Gestion de projet; Leadership,Pharmacologie et Industries Pharmaceutiques,Délégué médical,Industrie Pharmaceutique & Santé,20,"Sciences Physiques, Chimiques et Technologie (SPCT); Sciences Physiques et Chimiques; SVT",74.4
PRO_2026_0227,Henintsoa Razafindrakoto,25,M,Oui,Diplôme ISPM - Électro-Mécanique et Informatique Industrielle,Génie Industriel et Génie Civil,EMII,2015,Automatisme PLC; CAO Mécanique; Gestion de projet; Leadership,Électro-Mécanique et Informatique Industrielle,Ingénieur Électromécanicien,Industrie & Automatisme,11,"Mathématiques; Mathématiques appliquées; Sciences Physiques, Chimiques et Technologie (SPCT)",96.86
PRO_2026_0228,Andry Rakotomalala,24,F,Oui,Diplôme ISPM - Génie Civil et Architecture,Génie Industriel et Génie Civil,GCA,2024,Conduite de chantier BTP; Métré et devis; Gestion de projet; Leadership,Génie Civil et Architecture,Ingénieur Génie Civil,Bâtiment et Travaux Publics (BTP),2,"Mathématiques; Mathématiques appliquées; Sciences Physiques, Chimiques et Technologie (SPCT)",91.37
PRO_2026_0229,Vero Rakotomalala,23,F,Oui,"Diplôme ISPM - Industries Chimiques, Minières et Pétrolières",Génie Industriel et Génie Civil,ICMP,2024,Normes QHSE; Raffinage et extraction; Gestion de projet; Leadership,"Industries Chimiques, Minières et Pétrolières",Géologue minier,"Mines, Énergie & Chimie",2,"Sciences Physiques, Chimiques et Technologie (SPCT); Sciences Physiques et Chimiques; Mathématiques",78.38
PRO_2026_0230,Rova Rakotondrabe,44,M,Oui,Diplôme ISPM - Electronique Système Informatique et Intelligence Artificielle,Informatique et Télécommunication,ESIIA,2006,C/C++ embarqué; Signal & Traitement; Gestion de projet; Leadership,Electronique Système Informatique et Intelligence Artificielle,Concepteur Électronique,Électronique & High-Tech,20,"Mathématiques; Mathématiques appliquées; Sciences Physiques, Chimiques et Technologie (SPCT)",70.35
PRO_2026_0231,Nomena Rasoanaivo,38,F,Oui,Diplôme ISPM - Informatique de Gestion Génie Logiciel et Intelligence Artificielle,Informatique et Télécommunication,IGGLIA,2006,SQL & Bases de données; Machine Learning; Gestion de projet; Leadership,Informatique de Gestion Génie Logiciel et Intelligence Artificielle,Data Scientist / IA,Informatique & Édition de Logiciels,20,Mathématiques; Mathématiques de gestion; Mathématiques appliquées,83.36
PRO_2026_0232,Rova Andriantsitohaina,50,F,Oui,Diplôme ISPM - Informatique Multimédia Technologie de L'information et de la Communication et Intelligence Artificielle,Informatique et Télécommunication,IMTICIA,2015,Infographie & 3D; Développement Web/Mobile; Gestion de projet; Leadership,Informatique Multimédia Technologie de L'information et de la Communication et Intelligence Artificielle,Concepteur Multimédia,Numérique & Multimédia,11,Mathématiques; Français; Anglais,94.11
PRO_2026_0233,Soa Randriamampianina,27,F,Oui,Diplôme ISPM - Informatique Statistique Appliquée et Intelligence Artificielle,Informatique et Télécommunication,ISAIA,2006,Python / R Data; Statistiques inférentielles; Gestion de projet; Leadership,Informatique Statistique Appliquée et Intelligence Artificielle,Consultant Big Data,Data & Intelligence Artificielle,20,Mathématiques; Mathématiques de gestion; Mathématiques appliquées,78.16
PRO_2026_0234,Kanto Ramanantsoa,26,F,Oui,Diplôme ISPM - Tourisme et Environnement,Techniques du Tourisme,TEE,2019,Gestion de projets durables; Ingénierie touristique; Gestion de projet; Leadership,Tourisme et Environnement,Responsable Parc Naturel,Tourisme & Environnement,7,Français; Anglais; LV2,97.29
PRO_2026_0235,Soa Rakotondrabe,29,M,Oui,Diplôme ISPM - Tourisme et Hôtellerie,Techniques du Tourisme,TEH,2011,Yield Management; Gestion événementielle; Gestion de projet; Leadership,Tourisme et Hôtellerie,Chef de projet Événementiel,Hôtellerie & Restauration,15,Français; Anglais; LV2,93.09
PRO_2026_0236,Nomena Andriantsitohaina,47,F,Oui,Diplôme ISPM - Commerce et Administration des Affaires,Techniques des Affaires,CAA,2013,Analyse Marché; Marketing Digital; Gestion de projet; Leadership,Commerce et Administration des Affaires,Responsable Commercial,Commerce & Marketing,13,Français; Anglais; Mathématiques de gestion,94.29
PRO_2026_0237,Dina Ratsimbazafy,38,M,Oui,Diplôme ISPM - Droit et Techniques Juridiques des Affaires,Techniques des Affaires,DTJA,2011,Rédaction juridique; Droit des contrats; Gestion de projet; Leadership,Droit et Techniques Juridiques des Affaires,Assistant Juridique,Droit & Juridique,15,Français; Français et Littérature; Philosophie,85.11
PRO_2026_0238,Nomena Rabenjamina,39,M,Oui,Diplôme ISPM - Economie et Management de Projet,Techniques des Affaires,EMP,2017,Gestion de projet Agile/PMP; Étude d'impact économique; Gestion de projet; Leadership,Economie et Management de Projet,Analyste Économique,Management & Conseil,9,Mathématiques; Mathématiques de gestion; Économie,71.69
PRO_2026_0239,Nomena Razafindrakoto,35,M,Oui,Diplôme ISPM - Finances et Comptabilités,Techniques des Affaires,FIC,2016,Contrôle de gestion; Audit financier; Gestion de projet; Leadership,Finances et Comptabilités,Comptable Senior,Finance & Comptabilité,10,Mathématiques de gestion; Mathématiques; Gestion / Comptabilité,77.41
PRO_2026_0240,Nomena Rakotomalala,41,F,Oui,Diplôme ISPM - Agriculture et Élevage,Biotechnologie et Agronomie,AEE,2019,Analyse des sols; Zootechnie; Gestion de projet; Leadership,Agriculture et Élevage,Conseiller agricole,Agriculture / Agronomie,7,SVT; SVT / Biologie-Géologie; SVT / Sciences humaines,92.18
PRO_2026_0241,Toky Andriantsitohaina,37,M,Oui,Diplôme ISPM - Industrie Agroalimentaire,Biotechnologie et Agronomie,IAA,2022,Biochimie alimentaire; Process agroalimentaires; Gestion de projet; Leadership,Industrie Agroalimentaire,Ingénieur Agroalimentaire,Industrie Agroalimentaire,4,"Sciences Physiques, Chimiques et Technologie (SPCT); Sciences Physiques et Chimiques; SVT",97.92
PRO_2026_0242,Toky Rakotondrabe,48,M,Oui,Diplôme ISPM - Pharmacologie et Industries Pharmaceutiques,Biotechnologie et Agronomie,PIP,2008,Normes GMP/BPF; Analyse en laboratoire; Gestion de projet; Leadership,Pharmacologie et Industries Pharmaceutiques,Assistant de recherche galénique,Industrie Pharmaceutique & Santé,18,"Sciences Physiques, Chimiques et Technologie (SPCT); Sciences Physiques et Chimiques; SVT",82.3
PRO_2026_0243,Henintsoa Ratsimbazafy,40,F,Oui,Diplôme ISPM - Électro-Mécanique et Informatique Industrielle,Génie Industriel et Génie Civil,EMII,2006,Électrotechnique; Automatisme PLC; Gestion de projet; Leadership,Électro-Mécanique et Informatique Industrielle,Automaticien,Industrie & Automatisme,20,"Mathématiques; Mathématiques appliquées; Sciences Physiques, Chimiques et Technologie (SPCT)",77.04
PRO_2026_0244,Mirana Razafindrakoto,26,M,Oui,Diplôme ISPM - Génie Civil et Architecture,Génie Industriel et Génie Civil,GCA,2024,AutoCAD/Revit; Métré et devis; Gestion de projet; Leadership,Génie Civil et Architecture,Conducteur de travaux,Bâtiment et Travaux Publics (BTP),2,"Mathématiques; Mathématiques appliquées; Sciences Physiques, Chimiques et Technologie (SPCT)",77.97
PRO_2026_0245,Dina Rajaonarivelo,47,M,Oui,"Diplôme ISPM - Industries Chimiques, Minières et Pétrolières",Génie Industriel et Génie Civil,ICMP,2021,Raffinage et extraction; Géologie minière; Gestion de projet; Leadership,"Industries Chimiques, Minières et Pétrolières",Géologue minier,"Mines, Énergie & Chimie",5,"Sciences Physiques, Chimiques et Technologie (SPCT); Sciences Physiques et Chimiques; Mathématiques",74.49
PRO_2026_0246,Rova Rakotondrabe,44,M,Oui,Diplôme ISPM - Electronique Système Informatique et Intelligence Artificielle,Informatique et Télécommunication,ESIIA,2025,Électronique numérique; Microcontrôleurs IoT; Gestion de projet; Leadership,Electronique Système Informatique et Intelligence Artificielle,Ingénieur Robotique,Électronique & High-Tech,1,"Mathématiques; Mathématiques appliquées; Sciences Physiques, Chimiques et Technologie (SPCT)",85.85
PRO_2026_0247,Sitraka Rajaonarivelo,39,F,Oui,Diplôme ISPM - Informatique de Gestion Génie Logiciel et Intelligence Artificielle,Informatique et Télécommunication,IGGLIA,2008,Génie Logiciel & Java/Web; Algorithmique & Python; Gestion de projet; Leadership,Informatique de Gestion Génie Logiciel et Intelligence Artificielle,Développeur Fullstack,Informatique & Édition de Logiciels,18,Mathématiques; Mathématiques de gestion; Mathématiques appliquées,94.76
PRO_2026_0248,Sitraka Rakotomalala,44,F,Oui,Diplôme ISPM - Informatique Multimédia Technologie de L'information et de la Communication et Intelligence Artificielle,Informatique et Télécommunication,IMTICIA,2006,Réseaux informatiques; Développement Web/Mobile; Gestion de projet; Leadership,Informatique Multimédia Technologie de L'information et de la Communication et Intelligence Artificielle,Administrateur Réseaux & TIC,Numérique & Multimédia,20,Mathématiques; Français; Anglais,81.21
PRO_2026_0249,Fitia Rajaonarivelo,41,M,Oui,Diplôme ISPM - Informatique Statistique Appliquée et Intelligence Artificielle,Informatique et Télécommunication,ISAIA,2011,PowerBI & Analytics; Machine Learning & Deep Learning; Gestion de projet; Leadership,Informatique Statistique Appliquée et Intelligence Artificielle,Data Analyst,Data & Intelligence Artificielle,15,Mathématiques; Mathématiques de gestion; Mathématiques appliquées,85.88
PRO_2026_0250,Vero Andriantsitohaina,48,M,Oui,Diplôme ISPM - Tourisme et Environnement,Techniques du Tourisme,TEE,2023,Guide & Médiation; Ingénierie touristique; Gestion de projet; Leadership,Tourisme et Environnement,Guide Patrimoine,Tourisme & Environnement,3,Français; Anglais; LV2,83.28
