serie,AEE,IAA,PIP,EMII,GCA,ICMP,ESIIA,IGGLIA,IMTICIA,ISAIA,TEE,TEH,CAA,DTJA,EMP,FIC
A,Compatible,Non Compatible,Non Compatible,Non Compatible,Non Compatible,Non Compatible,Non Compatible,Compatible,Compatible,Non Compatible,Compatible,Compatible,Compatible,Compatible,Compatible,Non Compatible
A1,Compatible,Non Compatible,Non Compatible,Non Compatible,Non Compatible,Non Compatible,Non Compatible,Compatible,Compatible,Non Compatible,Compatible,Compatible,Compatible,Compatible,Compatible,Non Compatible
A2,Compatible,Non Compatible,Non Compatible,Non Compatible,Non Compatible,Non Compatible,Non Compatible,Compatible,Compatible,Non Compatible,Compatible,Compatible,Compatible,Compatible,Compatible,Non Compatible
L,Non Compatible,Non Compatible,Non Compatible,Non Compatible,Non Compatible,Non Compatible,Non Compatible,Non Compatible,Compatible,Non Compatible,Compatible,Compatible,Compatible,Compatible,Non Compatible,Non Compatible
C,Compatible,Compatible,Compatible,Compatible,Compatible,Compatible,Compatible,Compatible,Compatible,Compatible,Non Compatible,Non Compatible,Compatible,Non Compatible,Compatible,Compatible
D,Compatible,Compatible,Compatible,Compatible,Compatible,Compatible,Non Compatible,Compatible,Compatible,Compatible,Compatible,Compatible,Compatible,Compatible,Compatible,Compatible
S,Compatible,Compatible,Compatible,Compatible,Compatible,Compatible,Compatible,Compatible,Compatible,Compatible,Compatible,Non Compatible,Compatible,Non Compatible,Compatible,Compatible
G,Non Compatible,Non Compatible,Non Compatible,Non Compatible,Non Compatible,Non Compatible,Non Compatible,Compatible,Compatible,Compatible,Compatible,Compatible,Compatible,Compatible,Compatible,Compatible
Technique,Non Compatible,Compatible,Non Compatible,Compatible,Compatible,Compatible,Compatible,Compatible,Compatible,Non Compatible,Non Compatible,Non Compatible,Non Compatible,Non Compatible,Non Compatible,Non Compatible
